timestamp,country_key,city_key,lat,lon,population,temperature,wind_speed,solar_radiation,precipitation,humidity,solar_capacity,wind_capacity,geothermal_capacity,hydro_capacity,battery_capacity,capacity_data_status,capacity_source,model_spatial_scope,observed_demand_mw,observed_peak_15min_demand_mw,observed_thermal_mw,observed_nuclear_mw,observed_wind_mw,observed_solar_mw,observed_hydro_mw,observed_bioenergy_mw,observed_local_generation_mw,observed_renewable_generation_mw,observed_external_support_mw,observed_battery_net_mw,observed_import_dependency_pct,observed_balance_residual_mw,electricity_data_scope,weather_data_scope,weather_match_status,data_quality_flag,source_rte,source_era5,notes
2026-06-18 02:00:00,France,Paris,48.8566,2.3522,2100000,18.99758,3.053496,0,0,87.654424,,,,,,not_provided_use_explicit_taivas_assumption,Not available in current RTE/ERA5 extracts,Paris-scale TAIVAS profile,5331.75,5496,0,0,31.5,0,22,160.25,213.75,213.75,5120.25,-0.75,96.02993,1.5,RTE eCO2mix Île-de-France regional observation,ERA5 Paris grid-point hourly observation,matched,usable_with_spatial_scope_warning,"RTE eCO2mix Île-de-France daily real-time exports, consolidated by TAIVAS workflow","ERA5 hourly time-series on single levels, Paris extract",Observed RTE MW values are regional validation references. They must not be treated as Paris-scale TAIVAS input capacities or direct absolute-MW calibration targets.
2026-06-18 03:00:00,France,Paris,48.8566,2.3522,2100000,17.96008,2.349233,0,0,89.974653,,,,,,not_provided_use_explicit_taivas_assumption,Not available in current RTE/ERA5 extracts,Paris-scale TAIVAS profile,4997,5034,0,0,32,0,22,159.25,213.25,213.25,4786.25,-0.75,95.783197,1.75,RTE eCO2mix Île-de-France regional observation,ERA5 Paris grid-point hourly observation,matched,usable_with_spatial_scope_warning,"RTE eCO2mix Île-de-France daily real-time exports, consolidated by TAIVAS workflow","ERA5 hourly time-series on single levels, Paris extract",Observed RTE MW values are regional validation references. They must not be treated as Paris-scale TAIVAS input capacities or direct absolute-MW calibration targets.
2026-06-18 04:00:00,France,Paris,48.8566,2.3522,2100000,17.23385,2.13075,0,0,89.029782,,,,,,not_provided_use_explicit_taivas_assumption,Not available in current RTE/ERA5 extracts,Paris-scale TAIVAS profile,4924.5,4965,0,0,20.25,0,22,159.5,201.75,201.75,4724.75,-0.75,95.943697,1.25,RTE eCO2mix Île-de-France regional observation,ERA5 Paris grid-point hourly observation,matched,usable_with_spatial_scope_warning,"RTE eCO2mix Île-de-France daily real-time exports, consolidated by TAIVAS workflow","ERA5 hourly time-series on single levels, Paris extract",Observed RTE MW values are regional validation references. They must not be treated as Paris-scale TAIVAS input capacities or direct absolute-MW calibration targets.
2026-06-18 05:00:00,France,Paris,48.8566,2.3522,2100000,16.6504,2.111254,0,0,88.914294,,,,,,not_provided_use_explicit_taivas_assumption,Not available in current RTE/ERA5 extracts,Paris-scale TAIVAS profile,5087.5,5294,0,0,18.25,0,22,162.75,203,203,4887,-1.5,96.056881,1,RTE eCO2mix Île-de-France regional observation,ERA5 Paris grid-point hourly observation,matched,usable_with_spatial_scope_warning,"RTE eCO2mix Île-de-France daily real-time exports, consolidated by TAIVAS workflow","ERA5 hourly time-series on single levels, Paris extract",Observed RTE MW values are regional validation references. They must not be treated as Paris-scale TAIVAS input capacities or direct absolute-MW calibration targets.
2026-06-18 06:00:00,France,Paris,48.8566,2.3522,2100000,16.26504,2.141811,0.266667,0,89.499148,,,,,,not_provided_use_explicit_taivas_assumption,Not available in current RTE/ERA5 extracts,Paris-scale TAIVAS profile,5535,5767,0,0,16,8.75,22,166.75,213.5,213.5,5323.5,-0.5,96.176097,1.5,RTE eCO2mix Île-de-France regional observation,ERA5 Paris grid-point hourly observation,matched,usable_with_spatial_scope_warning,"RTE eCO2mix Île-de-France daily real-time exports, consolidated by TAIVAS workflow","ERA5 hourly time-series on single levels, Paris extract",Observed RTE MW values are regional validation references. They must not be treated as Paris-scale TAIVAS input capacities or direct absolute-MW calibration targets.
2026-06-18 07:00:00,France,Paris,48.8566,2.3522,2100000,17.3923,2.327375,44.675556,0,86.277314,,,,,,not_provided_use_explicit_taivas_assumption,Not available in current RTE/ERA5 extracts,Paris-scale TAIVAS profile,6402.25,6768,0,0,11.25,36,22,163.75,233,233,6171,-0.25,96.386977,1.5,RTE eCO2mix Île-de-France regional observation,ERA5 Paris grid-point hourly observation,matched,usable_with_spatial_scope_warning,"RTE eCO2mix Île-de-France daily real-time exports, consolidated by TAIVAS workflow","ERA5 hourly time-series on single levels, Paris extract",Observed RTE MW values are regional validation references. They must not be treated as Paris-scale TAIVAS input capacities or direct absolute-MW calibration targets.
2026-06-18 08:00:00,France,Paris,48.8566,2.3522,2100000,20.14712,1.752325,160.444444,0,76.197413,,,,,,not_provided_use_explicit_taivas_assumption,Not available in current RTE/ERA5 extracts,Paris-scale TAIVAS profile,7094.75,7290,0,0,6.75,94,22,157.5,280.25,280.25,6817,-0.75,96.090106,1.75,RTE eCO2mix Île-de-France regional observation,ERA5 Paris grid-point hourly observation,matched,usable_with_spatial_scope_warning,"RTE eCO2mix Île-de-France daily real-time exports, consolidated by TAIVAS workflow","ERA5 hourly time-series on single levels, Paris extract",Observed RTE MW values are regional validation references. They must not be treated as Paris-scale TAIVAS input capacities or direct absolute-MW calibration targets.
2026-06-18 09:00:00,France,Paris,48.8566,2.3522,2100000,23.01742,1.454854,318.417778,0,66.200696,,,,,,not_provided_use_explicit_taivas_assumption,Not available in current RTE/ERA5 extracts,Paris-scale TAIVAS profile,7554.75,7702,0,0,5.75,176.25,22,153,357,357,7199.75,-0.75,95.303244,1.25,RTE eCO2mix Île-de-France regional observation,ERA5 Paris grid-point hourly observation,matched,usable_with_spatial_scope_warning,"RTE eCO2mix Île-de-France daily real-time exports, consolidated by TAIVAS workflow","ERA5 hourly time-series on single levels, Paris extract",Observed RTE MW values are regional validation references. They must not be treated as Paris-scale TAIVAS input capacities or direct absolute-MW calibration targets.
2026-06-18 10:00:00,France,Paris,48.8566,2.3522,2100000,25.80383,1.395899,482.613333,0,58.885142,,,,,,not_provided_use_explicit_taivas_assumption,Not available in current RTE/ERA5 extracts,Paris-scale TAIVAS profile,7937.75,8024,0,0,5.25,242.5,22,146,415.75,415.75,7523.5,0,94.782701,1.5,RTE eCO2mix Île-de-France regional observation,ERA5 Paris grid-point hourly observation,matched,usable_with_spatial_scope_warning,"RTE eCO2mix Île-de-France daily real-time exports, consolidated by TAIVAS workflow","ERA5 hourly time-series on single levels, Paris extract",Observed RTE MW values are regional validation references. They must not be treated as Paris-scale TAIVAS input capacities or direct absolute-MW calibration targets.
2026-06-18 11:00:00,France,Paris,48.8566,2.3522,2100000,28.6652,1.430659,570.364444,0,51.493402,,,,,,not_provided_use_explicit_taivas_assumption,Not available in current RTE/ERA5 extracts,Paris-scale TAIVAS profile,8260,8363,0,0,7.25,289,22,156.75,475,475,7788,-0.75,94.287532,2.25,RTE eCO2mix Île-de-France regional observation,ERA5 Paris grid-point hourly observation,matched,usable_with_spatial_scope_warning,"RTE eCO2mix Île-de-France daily real-time exports, consolidated by TAIVAS workflow","ERA5 hourly time-series on single levels, Paris extract",Observed RTE MW values are regional validation references. They must not be treated as Paris-scale TAIVAS input capacities or direct absolute-MW calibration targets.
2026-06-18 12:00:00,France,Paris,48.8566,2.3522,2100000,31.27157,2.202895,678.968889,0,43.449993,,,,,,not_provided_use_explicit_taivas_assumption,Not available in current RTE/ERA5 extracts,Paris-scale TAIVAS profile,8537,8589,0,0,7.75,311.5,22,165.25,506.5,506.5,8033.75,-1.75,94.104847,1.5,RTE eCO2mix Île-de-France regional observation,ERA5 Paris grid-point hourly observation,matched,usable_with_spatial_scope_warning,"RTE eCO2mix Île-de-France daily real-time exports, consolidated by TAIVAS workflow","ERA5 hourly time-series on single levels, Paris extract",Observed RTE MW values are regional validation references. They must not be treated as Paris-scale TAIVAS input capacities or direct absolute-MW calibration targets.
2026-06-18 13:00:00,France,Paris,48.8566,2.3522,2100000,33.31625,1.558545,791.786667,0,35.760504,,,,,,not_provided_use_explicit_taivas_assumption,Not available in current RTE/ERA5 extracts,Paris-scale TAIVAS profile,8508,8578,0,0,7.25,316.75,22,163.75,509.75,509.75,8000.25,-0.5,94.031943,1.5,RTE eCO2mix Île-de-France regional observation,ERA5 Paris grid-point hourly observation,matched,usable_with_spatial_scope_warning,"RTE eCO2mix Île-de-France daily real-time exports, consolidated by TAIVAS workflow","ERA5 hourly time-series on single levels, Paris extract",Observed RTE MW values are regional validation references. They must not be treated as Paris-scale TAIVAS input capacities or direct absolute-MW calibration targets.
2026-06-18 14:00:00,France,Paris,48.8566,2.3522,2100000,34.63503,1.242298,856.177778,0.001431,31.912614,,,,,,not_provided_use_explicit_taivas_assumption,Not available in current RTE/ERA5 extracts,Paris-scale TAIVAS profile,8584.75,8660,0,0,8.75,308.25,22,156.5,495.5,495.5,8091.25,-0.75,94.251788,1.25,RTE eCO2mix Île-de-France regional observation,ERA5 Paris grid-point hourly observation,matched,usable_with_spatial_scope_warning,"RTE eCO2mix Île-de-France daily real-time exports, consolidated by TAIVAS workflow","ERA5 hourly time-series on single levels, Paris extract",Observed RTE MW values are regional validation references. They must not be treated as Paris-scale TAIVAS input capacities or direct absolute-MW calibration targets.
2026-06-18 15:00:00,France,Paris,48.8566,2.3522,2100000,35.32144,1.87795,745.582222,0.01812,30.310875,,,,,,not_provided_use_explicit_taivas_assumption,Not available in current RTE/ERA5 extracts,Paris-scale TAIVAS profile,8429.25,8453,0,0,11.75,282.25,22,145,461,461,7970,-0.5,94.55147,1.25,RTE eCO2mix Île-de-France regional observation,ERA5 Paris grid-point hourly observation,matched,usable_with_spatial_scope_warning,"RTE eCO2mix Île-de-France daily real-time exports, consolidated by TAIVAS workflow","ERA5 hourly time-series on single levels, Paris extract",Observed RTE MW values are regional validation references. They must not be treated as Paris-scale TAIVAS input capacities or direct absolute-MW calibration targets.
2026-06-18 16:00:00,France,Paris,48.8566,2.3522,2100000,35.88314,2.734171,759.84,0.030041,30.705913,,,,,,not_provided_use_explicit_taivas_assumption,Not available in current RTE/ERA5 extracts,Paris-scale TAIVAS profile,8401.25,8460,0,0,11.5,246,22,154.5,434,434,7969.5,-0.25,94.861119,2,RTE eCO2mix Île-de-France regional observation,ERA5 Paris grid-point hourly observation,matched,usable_with_spatial_scope_warning,"RTE eCO2mix Île-de-France daily real-time exports, consolidated by TAIVAS workflow","ERA5 hourly time-series on single levels, Paris extract",Observed RTE MW values are regional validation references. They must not be treated as Paris-scale TAIVAS input capacities or direct absolute-MW calibration targets.
2026-06-18 17:00:00,France,Paris,48.8566,2.3522,2100000,36.13577,2.235335,674.328889,0.035763,30.847353,,,,,,not_provided_use_explicit_taivas_assumption,Not available in current RTE/ERA5 extracts,Paris-scale TAIVAS profile,8433.25,8484,0,0,13,193.75,22,154.5,383.25,383.25,8052.75,-1,95.48784,1.75,RTE eCO2mix Île-de-France regional observation,ERA5 Paris grid-point hourly observation,matched,usable_with_spatial_scope_warning,"RTE eCO2mix Île-de-France daily real-time exports, consolidated by TAIVAS workflow","ERA5 hourly time-series on single levels, Paris extract",Observed RTE MW values are regional validation references. They must not be treated as Paris-scale TAIVAS input capacities or direct absolute-MW calibration targets.
2026-06-18 18:00:00,France,Paris,48.8566,2.3522,2100000,32.92538,2.46128,405.457778,1.280785,42.35737,,,,,,not_provided_use_explicit_taivas_assumption,Not available in current RTE/ERA5 extracts,Paris-scale TAIVAS profile,8530,8563,0,0,32.75,128.75,22,163.5,347,347,8185,0,95.955745,2,RTE eCO2mix Île-de-France regional observation,ERA5 Paris grid-point hourly observation,matched,usable_with_spatial_scope_warning,"RTE eCO2mix Île-de-France daily real-time exports, consolidated by TAIVAS workflow","ERA5 hourly time-series on single levels, Paris extract",Observed RTE MW values are regional validation references. They must not be treated as Paris-scale TAIVAS input capacities or direct absolute-MW calibration targets.
2026-06-18 19:00:00,France,Paris,48.8566,2.3522,2100000,28.62994,2.230838,240.995556,0.020504,58.406948,,,,,,not_provided_use_explicit_taivas_assumption,Not available in current RTE/ERA5 extracts,Paris-scale TAIVAS profile,8255.5,8515,0,0,48.25,60.25,22,166,296.5,296.5,7961,-1,96.437441,1,RTE eCO2mix Île-de-France regional observation,ERA5 Paris grid-point hourly observation,matched,usable_with_spatial_scope_warning,"RTE eCO2mix Île-de-France daily real-time exports, consolidated by TAIVAS workflow","ERA5 hourly time-series on single levels, Paris extract",Observed RTE MW values are regional validation references. They must not be treated as Paris-scale TAIVAS input capacities or direct absolute-MW calibration targets.
2026-06-18 20:00:00,France,Paris,48.8566,2.3522,2100000,26.16293,1.25608,166.417778,0.005245,66.552674,,,,,,not_provided_use_explicit_taivas_assumption,Not available in current RTE/ERA5 extracts,Paris-scale TAIVAS profile,7822.25,7983,0,0,53.75,26,22,161,262.75,262.75,7561.5,-0.5,96.66597,1.5,RTE eCO2mix Île-de-France regional observation,ERA5 Paris grid-point hourly observation,matched,usable_with_spatial_scope_warning,"RTE eCO2mix Île-de-France daily real-time exports, consolidated by TAIVAS workflow","ERA5 hourly time-series on single levels, Paris extract",Observed RTE MW values are regional validation references. They must not be treated as Paris-scale TAIVAS input capacities or direct absolute-MW calibration targets.
2026-06-18 21:00:00,France,Paris,48.8566,2.3522,2100000,25.31463,1.771021,89.333333,0.004768,70.732843,,,,,,not_provided_use_explicit_taivas_assumption,Not available in current RTE/ERA5 extracts,Paris-scale TAIVAS profile,7246.5,7470,0,0,22.5,9.75,22,159.75,214,214,7035,-1,97.085221,1.5,RTE eCO2mix Île-de-France regional observation,ERA5 Paris grid-point hourly observation,matched,usable_with_spatial_scope_warning,"RTE eCO2mix Île-de-France daily real-time exports, consolidated by TAIVAS workflow","ERA5 hourly time-series on single levels, Paris extract",Observed RTE MW values are regional validation references. They must not be treated as Paris-scale TAIVAS input capacities or direct absolute-MW calibration targets.
2026-06-18 22:00:00,France,Paris,48.8566,2.3522,2100000,23.88064,2.648164,19.697778,0.085831,78.391574,,,,,,not_provided_use_explicit_taivas_assumption,Not available in current RTE/ERA5 extracts,Paris-scale TAIVAS profile,7212.25,7396,0,0,15.25,2.25,22,157,196.5,196.5,7018.5,-1.5,97.312815,1.25,RTE eCO2mix Île-de-France regional observation,ERA5 Paris grid-point hourly observation,matched,usable_with_spatial_scope_warning,"RTE eCO2mix Île-de-France daily real-time exports, consolidated by TAIVAS workflow","ERA5 hourly time-series on single levels, Paris extract",Observed RTE MW values are regional validation references. They must not be treated as Paris-scale TAIVAS input capacities or direct absolute-MW calibration targets.
2026-06-18 23:00:00,France,Paris,48.8566,2.3522,2100000,22.50375,2.621078,0,0.053883,82.344681,,,,,,not_provided_use_explicit_taivas_assumption,Not available in current RTE/ERA5 extracts,Paris-scale TAIVAS profile,7033.75,7234,0,0,12,0,22,158,192,192,6843.75,-0.75,97.297035,1.25,RTE eCO2mix Île-de-France regional observation,ERA5 Paris grid-point hourly observation,matched,usable_with_spatial_scope_warning,"RTE eCO2mix Île-de-France daily real-time exports, consolidated by TAIVAS workflow","ERA5 hourly time-series on single levels, Paris extract",Observed RTE MW values are regional validation references. They must not be treated as Paris-scale TAIVAS input capacities or direct absolute-MW calibration targets.
2026-06-19 00:00:00,France,Paris,48.8566,2.3522,2100000,21.61407,1.721785,0,0.024319,81.947637,,,,,,not_provided_use_explicit_taivas_assumption,Not available in current RTE/ERA5 extracts,Paris-scale TAIVAS profile,6425,6582,0,0,8.75,0,22,157.75,188.5,188.5,6237.5,-0.5,97.080335,0.5,RTE eCO2mix Île-de-France regional observation,ERA5 Paris grid-point hourly observation,matched,usable_with_spatial_scope_warning,"RTE eCO2mix Île-de-France daily real-time exports, consolidated by TAIVAS workflow","ERA5 hourly time-series on single levels, Paris extract",Observed RTE MW values are regional validation references. They must not be treated as Paris-scale TAIVAS input capacities or direct absolute-MW calibration targets.
2026-06-19 01:00:00,France,Paris,48.8566,2.3522,2100000,20.70388,1.703191,0,0,82.960758,,,,,,not_provided_use_explicit_taivas_assumption,Not available in current RTE/ERA5 extracts,Paris-scale TAIVAS profile,5816,5999,0,0,28,0,22,160.25,210.25,210.25,5607.75,-0.25,96.413439,1.75,RTE eCO2mix Île-de-France regional observation,ERA5 Paris grid-point hourly observation,matched,usable_with_spatial_scope_warning,"RTE eCO2mix Île-de-France daily real-time exports, consolidated by TAIVAS workflow","ERA5 hourly time-series on single levels, Paris extract",Observed RTE MW values are regional validation references. They must not be treated as Paris-scale TAIVAS input capacities or direct absolute-MW calibration targets.
2026-06-19 02:00:00,France,Paris,48.8566,2.3522,2100000,20.21313,2.973753,0,0,84.968315,,,,,,not_provided_use_explicit_taivas_assumption,Not available in current RTE/ERA5 extracts,Paris-scale TAIVAS profile,5450.5,5569,0,0,29.5,0,22,162,213.5,213.5,5239.75,-1.25,96.134904,1.5,RTE eCO2mix Île-de-France regional observation,ERA5 Paris grid-point hourly observation,matched,usable_with_spatial_scope_warning,"RTE eCO2mix Île-de-France daily real-time exports, consolidated by TAIVAS workflow","ERA5 hourly time-series on single levels, Paris extract",Observed RTE MW values are regional validation references. They must not be treated as Paris-scale TAIVAS input capacities or direct absolute-MW calibration targets.
2026-06-19 03:00:00,France,Paris,48.8566,2.3522,2100000,20.10397,4.208331,0,0,85.12963,,,,,,not_provided_use_explicit_taivas_assumption,Not available in current RTE/ERA5 extracts,Paris-scale TAIVAS profile,5202,5239,0,0,14.75,0,22,161.25,198,198,5005.25,0,96.217968,1.25,RTE eCO2mix Île-de-France regional observation,ERA5 Paris grid-point hourly observation,matched,usable_with_spatial_scope_warning,"RTE eCO2mix Île-de-France daily real-time exports, consolidated by TAIVAS workflow","ERA5 hourly time-series on single levels, Paris extract",Observed RTE MW values are regional validation references. They must not be treated as Paris-scale TAIVAS input capacities or direct absolute-MW calibration targets.
2026-06-19 04:00:00,France,Paris,48.8566,2.3522,2100000,19.61172,3.774372,0,0,85.730024,,,,,,not_provided_use_explicit_taivas_assumption,Not available in current RTE/ERA5 extracts,Paris-scale TAIVAS profile,5132,5162,0,0,11,0,22,161.75,194.75,194.75,4939.5,-0.5,96.248942,1.75,RTE eCO2mix Île-de-France regional observation,ERA5 Paris grid-point hourly observation,matched,usable_with_spatial_scope_warning,"RTE eCO2mix Île-de-France daily real-time exports, consolidated by TAIVAS workflow","ERA5 hourly time-series on single levels, Paris extract",Observed RTE MW values are regional validation references. They must not be treated as Paris-scale TAIVAS input capacities or direct absolute-MW calibration targets.
2026-06-19 05:00:00,France,Paris,48.8566,2.3522,2100000,19.07028,3.416657,0,0,86.732602,,,,,,not_provided_use_explicit_taivas_assumption,Not available in current RTE/ERA5 extracts,Paris-scale TAIVAS profile,5286.25,5395,0,0,12,0,22,165.5,199.5,199.5,5087.75,-0.75,96.245315,0.25,RTE eCO2mix Île-de-France regional observation,ERA5 Paris grid-point hourly observation,matched,usable_with_spatial_scope_warning,"RTE eCO2mix Île-de-France daily real-time exports, consolidated by TAIVAS workflow","ERA5 hourly time-series on single levels, Paris extract",Observed RTE MW values are regional validation references. They must not be treated as Paris-scale TAIVAS input capacities or direct absolute-MW calibration targets.
2026-06-19 06:00:00,France,Paris,48.8566,2.3522,2100000,18.97488,3.246033,0.248889,0,87.476017,,,,,,not_provided_use_explicit_taivas_assumption,Not available in current RTE/ERA5 extracts,Paris-scale TAIVAS profile,5722.25,5964,0,0,12.25,8.5,22,171.5,214.25,214.25,5509.5,0.25,96.280033,1.75,RTE eCO2mix Île-de-France regional observation,ERA5 Paris grid-point hourly observation,matched,usable_with_spatial_scope_warning,"RTE eCO2mix Île-de-France daily real-time exports, consolidated by TAIVAS workflow","ERA5 hourly time-series on single levels, Paris extract",Observed RTE MW values are regional validation references. They must not be treated as Paris-scale TAIVAS input capacities or direct absolute-MW calibration targets.
2026-06-19 07:00:00,France,Paris,48.8566,2.3522,2100000,20.0627,3.239227,43.928889,0,83.928666,,,,,,not_provided_use_explicit_taivas_assumption,Not available in current RTE/ERA5 extracts,Paris-scale TAIVAS profile,6534,6820,100.5,0,19.5,34.75,22,169.75,346.5,246,6186.75,0,94.698451,-0.75,RTE eCO2mix Île-de-France regional observation,ERA5 Paris grid-point hourly observation,matched,usable_with_spatial_scope_warning,"RTE eCO2mix Île-de-France daily real-time exports, consolidated by TAIVAS workflow","ERA5 hourly time-series on single levels, Paris extract",Observed RTE MW values are regional validation references. They must not be treated as Paris-scale TAIVAS input capacities or direct absolute-MW calibration targets.
2026-06-19 08:00:00,France,Paris,48.8566,2.3522,2100000,22.50085,3.260896,158.666667,0,75.065199,,,,,,not_provided_use_explicit_taivas_assumption,Not available in current RTE/ERA5 extracts,Paris-scale TAIVAS profile,7257.75,7504,88.75,0,15,85.75,22,172,383.5,294.75,6874,0.25,94.707814,0,RTE eCO2mix Île-de-France regional observation,ERA5 Paris grid-point hourly observation,matched,usable_with_spatial_scope_warning,"RTE eCO2mix Île-de-France daily real-time exports, consolidated by TAIVAS workflow","ERA5 hourly time-series on single levels, Paris extract",Observed RTE MW values are regional validation references. They must not be treated as Paris-scale TAIVAS input capacities or direct absolute-MW calibration targets.
2026-06-19 09:00:00,France,Paris,48.8566,2.3522,2100000,25.13638,3.278268,296,0,66.080338,,,,,,not_provided_use_explicit_taivas_assumption,Not available in current RTE/ERA5 extracts,Paris-scale TAIVAS profile,7796.75,7899,47.25,0,12.5,165.5,22,172,419.25,372,7378.25,-1,94.63219,-0.25,RTE eCO2mix Île-de-France regional observation,ERA5 Paris grid-point hourly observation,matched,usable_with_spatial_scope_warning,"RTE eCO2mix Île-de-France daily real-time exports, consolidated by TAIVAS workflow","ERA5 hourly time-series on single levels, Paris extract",Observed RTE MW values are regional validation references. They must not be treated as Paris-scale TAIVAS input capacities or direct absolute-MW calibration targets.
2026-06-19 10:00:00,France,Paris,48.8566,2.3522,2100000,27.68875,3.372992,455.217778,0,55.997518,,,,,,not_provided_use_explicit_taivas_assumption,Not available in current RTE/ERA5 extracts,Paris-scale TAIVAS profile,8090.25,8181,0,0,23.75,227.25,22,171.25,444.25,444.25,7648.75,-0.75,94.544364,2,RTE eCO2mix Île-de-France regional observation,ERA5 Paris grid-point hourly observation,matched,usable_with_spatial_scope_warning,"RTE eCO2mix Île-de-France daily real-time exports, consolidated by TAIVAS workflow","ERA5 hourly time-series on single levels, Paris extract",Observed RTE MW values are regional validation references. They must not be treated as Paris-scale TAIVAS input capacities or direct absolute-MW calibration targets.
2026-06-19 11:00:00,France,Paris,48.8566,2.3522,2100000,29.782,3.551789,586.524444,0,48.80021,,,,,,not_provided_use_explicit_taivas_assumption,Not available in current RTE/ERA5 extracts,Paris-scale TAIVAS profile,8273.75,8341,0,0,14,265.75,22,170.25,472,472,7803.75,-0.5,94.3196,1.5,RTE eCO2mix Île-de-France regional observation,ERA5 Paris grid-point hourly observation,matched,usable_with_spatial_scope_warning,"RTE eCO2mix Île-de-France daily real-time exports, consolidated by TAIVAS workflow","ERA5 hourly time-series on single levels, Paris extract",Observed RTE MW values are regional validation references. They must not be treated as Paris-scale TAIVAS input capacities or direct absolute-MW calibration targets.
2026-06-19 12:00:00,France,Paris,48.8566,2.3522,2100000,31.4824,2.442203,732.106667,0,42.758989,,,,,,not_provided_use_explicit_taivas_assumption,Not available in current RTE/ERA5 extracts,Paris-scale TAIVAS profile,8620.5,8667,0,0,11.75,293.5,22,171,498.25,498.25,8124.25,-0.25,94.243445,1.75,RTE eCO2mix Île-de-France regional observation,ERA5 Paris grid-point hourly observation,matched,usable_with_spatial_scope_warning,"RTE eCO2mix Île-de-France daily real-time exports, consolidated by TAIVAS workflow","ERA5 hourly time-series on single levels, Paris extract",Observed RTE MW values are regional validation references. They must not be treated as Paris-scale TAIVAS input capacities or direct absolute-MW calibration targets.
2026-06-19 13:00:00,France,Paris,48.8566,2.3522,2100000,32.9318,2.621154,800.8,0,37.808856,,,,,,not_provided_use_explicit_taivas_assumption,Not available in current RTE/ERA5 extracts,Paris-scale TAIVAS profile,8587.5,8639,0,0,12.25,313.25,22,171,518.5,518.5,8071.75,-1.5,93.994155,1.25,RTE eCO2mix Île-de-France regional observation,ERA5 Paris grid-point hourly observation,matched,usable_with_spatial_scope_warning,"RTE eCO2mix Île-de-France daily real-time exports, consolidated by TAIVAS workflow","ERA5 hourly time-series on single levels, Paris extract",Observed RTE MW values are regional validation references. They must not be treated as Paris-scale TAIVAS input capacities or direct absolute-MW calibration targets.
2026-06-19 14:00:00,France,Paris,48.8566,2.3522,2100000,34.1468,2.821731,872.213333,0,34.328964,,,,,,not_provided_use_explicit_taivas_assumption,Not available in current RTE/ERA5 extracts,Paris-scale TAIVAS profile,8695.75,8754,0,0,17,315,22,172,526,526,8171.25,-0.25,93.968263,1.25,RTE eCO2mix Île-de-France regional observation,ERA5 Paris grid-point hourly observation,matched,usable_with_spatial_scope_warning,"RTE eCO2mix Île-de-France daily real-time exports, consolidated by TAIVAS workflow","ERA5 hourly time-series on single levels, Paris extract",Observed RTE MW values are regional validation references. They must not be treated as Paris-scale TAIVAS input capacities or direct absolute-MW calibration targets.
2026-06-19 15:00:00,France,Paris,48.8566,2.3522,2100000,34.94985,2.966523,840.444444,0,31.120493,,,,,,not_provided_use_explicit_taivas_assumption,Not available in current RTE/ERA5 extracts,Paris-scale TAIVAS profile,8554.5,8656,0,0,13.75,298.5,22,173.25,507.5,507.5,8049,-0.5,94.091006,1.5,RTE eCO2mix Île-de-France regional observation,ERA5 Paris grid-point hourly observation,matched,usable_with_spatial_scope_warning,"RTE eCO2mix Île-de-France daily real-time exports, consolidated by TAIVAS workflow","ERA5 hourly time-series on single levels, Paris extract",Observed RTE MW values are regional validation references. They must not be treated as Paris-scale TAIVAS input capacities or direct absolute-MW calibration targets.
2026-06-19 16:00:00,France,Paris,48.8566,2.3522,2100000,35.34133,2.973103,808.657778,0,28.99141,,,,,,not_provided_use_explicit_taivas_assumption,Not available in current RTE/ERA5 extracts,Paris-scale TAIVAS profile,8527.75,8599,0,0,15.75,267,22,172.75,477.5,477.5,8052.25,-0.5,94.424209,1.5,RTE eCO2mix Île-de-France regional observation,ERA5 Paris grid-point hourly observation,matched,usable_with_spatial_scope_warning,"RTE eCO2mix Île-de-France daily real-time exports, consolidated by TAIVAS workflow","ERA5 hourly time-series on single levels, Paris extract",Observed RTE MW values are regional validation references. They must not be treated as Paris-scale TAIVAS input capacities or direct absolute-MW calibration targets.
2026-06-19 17:00:00,France,Paris,48.8566,2.3522,2100000,35.39767,2.885939,724.711111,0,27.719329,,,,,,not_provided_use_explicit_taivas_assumption,Not available in current RTE/ERA5 extracts,Paris-scale TAIVAS profile,8507,8594,0,0,19.25,218.75,22,172,432,432,8076.25,-0.25,94.935888,1,RTE eCO2mix Île-de-France regional observation,ERA5 Paris grid-point hourly observation,matched,usable_with_spatial_scope_warning,"RTE eCO2mix Île-de-France daily real-time exports, consolidated by TAIVAS workflow","ERA5 hourly time-series on single levels, Paris extract",Observed RTE MW values are regional validation references. They must not be treated as Paris-scale TAIVAS input capacities or direct absolute-MW calibration targets.
2026-06-19 18:00:00,France,Paris,48.8566,2.3522,2100000,35.1142,2.196298,600.373333,0,27.541348,,,,,,not_provided_use_explicit_taivas_assumption,Not available in current RTE/ERA5 extracts,Paris-scale TAIVAS profile,8545.75,8614,0,0,20.75,155.5,22,173.75,372,372,8174.75,0.5,95.659389,1.5,RTE eCO2mix Île-de-France regional observation,ERA5 Paris grid-point hourly observation,matched,usable_with_spatial_scope_warning,"RTE eCO2mix Île-de-France daily real-time exports, consolidated by TAIVAS workflow","ERA5 hourly time-series on single levels, Paris extract",Observed RTE MW values are regional validation references. They must not be treated as Paris-scale TAIVAS input capacities or direct absolute-MW calibration targets.
2026-06-19 19:00:00,France,Paris,48.8566,2.3522,2100000,33.45486,2.289342,448.248889,0,29.850817,,,,,,not_provided_use_explicit_taivas_assumption,Not available in current RTE/ERA5 extracts,Paris-scale TAIVAS profile,8479,8612,0,0,21.5,84.75,22,173.75,302,302,8178.5,-0.25,96.458906,1.25,RTE eCO2mix Île-de-France regional observation,ERA5 Paris grid-point hourly observation,matched,usable_with_spatial_scope_warning,"RTE eCO2mix Île-de-France daily real-time exports, consolidated by TAIVAS workflow","ERA5 hourly time-series on single levels, Paris extract",Observed RTE MW values are regional validation references. They must not be treated as Paris-scale TAIVAS input capacities or direct absolute-MW calibration targets.
2026-06-19 20:00:00,France,Paris,48.8566,2.3522,2100000,29.97018,1.467632,283.2,0,42.128791,,,,,,not_provided_use_explicit_taivas_assumption,Not available in current RTE/ERA5 extracts,Paris-scale TAIVAS profile,7964.75,8167,0,0,10,35.25,22,172.25,239.5,239.5,7726.75,-0.75,97.013301,0.75,RTE eCO2mix Île-de-France regional observation,ERA5 Paris grid-point hourly observation,matched,usable_with_spatial_scope_warning,"RTE eCO2mix Île-de-France daily real-time exports, consolidated by TAIVAS workflow","ERA5 hourly time-series on single levels, Paris extract",Observed RTE MW values are regional validation references. They must not be treated as Paris-scale TAIVAS input capacities or direct absolute-MW calibration targets.
2026-06-19 21:00:00,France,Paris,48.8566,2.3522,2100000,28.12695,1.976237,120.977778,0,47.056404,,,,,,not_provided_use_explicit_taivas_assumption,Not available in current RTE/ERA5 extracts,Paris-scale TAIVAS profile,7498.25,7685,0,0,7.75,12,22,172.75,214.5,214.5,7285.75,-0.75,97.166126,1.25,RTE eCO2mix Île-de-France regional observation,ERA5 Paris grid-point hourly observation,matched,usable_with_spatial_scope_warning,"RTE eCO2mix Île-de-France daily real-time exports, consolidated by TAIVAS workflow","ERA5 hourly time-series on single levels, Paris extract",Observed RTE MW values are regional validation references. They must not be treated as Paris-scale TAIVAS input capacities or direct absolute-MW calibration targets.
2026-06-19 22:00:00,France,Paris,48.8566,2.3522,2100000,26.72207,2.62069,21.368889,0,52.026701,,,,,,not_provided_use_explicit_taivas_assumption,Not available in current RTE/ERA5 extracts,Paris-scale TAIVAS profile,7455.5,7667,0,0,11.75,2.25,22,173,209,209,7248.5,-1,97.222867,1,RTE eCO2mix Île-de-France regional observation,ERA5 Paris grid-point hourly observation,matched,usable_with_spatial_scope_warning,"RTE eCO2mix Île-de-France daily real-time exports, consolidated by TAIVAS workflow","ERA5 hourly time-series on single levels, Paris extract",Observed RTE MW values are regional validation references. They must not be treated as Paris-scale TAIVAS input capacities or direct absolute-MW calibration targets.
2026-06-19 23:00:00,France,Paris,48.8566,2.3522,2100000,24.07113,2.373464,0,0,64.548805,,,,,,not_provided_use_explicit_taivas_assumption,Not available in current RTE/ERA5 extracts,Paris-scale TAIVAS profile,7301.25,7498,0,0,11.75,0,22,169.5,203.25,203.25,7100.75,-1,97.254114,1.75,RTE eCO2mix Île-de-France regional observation,ERA5 Paris grid-point hourly observation,matched,usable_with_spatial_scope_warning,"RTE eCO2mix Île-de-France daily real-time exports, consolidated by TAIVAS workflow","ERA5 hourly time-series on single levels, Paris extract",Observed RTE MW values are regional validation references. They must not be treated as Paris-scale TAIVAS input capacities or direct absolute-MW calibration targets.
2026-06-20 00:00:00,France,Paris,48.8566,2.3522,2100000,22.4617,4.051979,0,0,81.249848,,,,,,not_provided_use_explicit_taivas_assumption,Not available in current RTE/ERA5 extracts,Paris-scale TAIVAS profile,6742.25,6937,0,0,16,0,22,164.75,202.75,202.75,6541.25,-0.75,97.016128,1,RTE eCO2mix Île-de-France regional observation,ERA5 Paris grid-point hourly observation,matched,usable_with_spatial_scope_warning,"RTE eCO2mix Île-de-France daily real-time exports, consolidated by TAIVAS workflow","ERA5 hourly time-series on single levels, Paris extract",Observed RTE MW values are regional validation references. They must not be treated as Paris-scale TAIVAS input capacities or direct absolute-MW calibration targets.
2026-06-20 01:00:00,France,Paris,48.8566,2.3522,2100000,21.75442,2.499439,0,0,85.84568,,,,,,not_provided_use_explicit_taivas_assumption,Not available in current RTE/ERA5 extracts,Paris-scale TAIVAS profile,6126.5,6325,0,0,17,0,22,161.25,200.25,200.25,5929.5,-2,96.781334,1.25,RTE eCO2mix Île-de-France regional observation,ERA5 Paris grid-point hourly observation,matched,usable_with_spatial_scope_warning,"RTE eCO2mix Île-de-France daily real-time exports, consolidated by TAIVAS workflow","ERA5 hourly time-series on single levels, Paris extract",Observed RTE MW values are regional validation references. They must not be treated as Paris-scale TAIVAS input capacities or direct absolute-MW calibration targets.
2026-06-20 02:00:00,France,Paris,48.8566,2.3522,2100000,20.81826,2.643922,0,0,90.96348,,,,,,not_provided_use_explicit_taivas_assumption,Not available in current RTE/ERA5 extracts,Paris-scale TAIVAS profile,5630,5778,0,0,15.25,0,22,164.25,201.5,201.5,5431.25,-1,96.469326,1.75,RTE eCO2mix Île-de-France regional observation,ERA5 Paris grid-point hourly observation,matched,usable_with_spatial_scope_warning,"RTE eCO2mix Île-de-France daily real-time exports, consolidated by TAIVAS workflow","ERA5 hourly time-series on single levels, Paris extract",Observed RTE MW values are regional validation references. They must not be treated as Paris-scale TAIVAS input capacities or direct absolute-MW calibration targets.
2026-06-20 03:00:00,France,Paris,48.8566,2.3522,2100000,19.81725,1.666126,0,0,95.132615,,,,,,not_provided_use_explicit_taivas_assumption,Not available in current RTE/ERA5 extracts,Paris-scale TAIVAS profile,5364.75,5447,0,0,6.5,0,22,166.75,195.25,195.25,5170.75,0,96.382718,1.25,RTE eCO2mix Île-de-France regional observation,ERA5 Paris grid-point hourly observation,matched,usable_with_spatial_scope_warning,"RTE eCO2mix Île-de-France daily real-time exports, consolidated by TAIVAS workflow","ERA5 hourly time-series on single levels, Paris extract",Observed RTE MW values are regional validation references. They must not be treated as Paris-scale TAIVAS input capacities or direct absolute-MW calibration targets.
2026-06-20 04:00:00,France,Paris,48.8566,2.3522,2100000,18.94155,0.938433,0,0,98.303903,,,,,,not_provided_use_explicit_taivas_assumption,Not available in current RTE/ERA5 extracts,Paris-scale TAIVAS profile,5145.75,5188,0,0,6,0,22,170,198,198,4948.75,0.25,96.171462,1.25,RTE eCO2mix Île-de-France regional observation,ERA5 Paris grid-point hourly observation,matched,usable_with_spatial_scope_warning,"RTE eCO2mix Île-de-France daily real-time exports, consolidated by TAIVAS workflow","ERA5 hourly time-series on single levels, Paris extract",Observed RTE MW values are regional validation references. They must not be treated as Paris-scale TAIVAS input capacities or direct absolute-MW calibration targets.
2026-06-20 05:00:00,France,Paris,48.8566,2.3522,2100000,18.42626,1.300959,0,0,99.194706,,,,,,not_provided_use_explicit_taivas_assumption,Not available in current RTE/ERA5 extracts,Paris-scale TAIVAS profile,5224.25,5286,0,0,6.25,0,22,166,194.25,194.25,5032.5,-0.75,96.329546,1.75,RTE eCO2mix Île-de-France regional observation,ERA5 Paris grid-point hourly observation,matched,usable_with_spatial_scope_warning,"RTE eCO2mix Île-de-France daily real-time exports, consolidated by TAIVAS workflow","ERA5 hourly time-series on single levels, Paris extract",Observed RTE MW values are regional validation references. They must not be treated as Paris-scale TAIVAS input capacities or direct absolute-MW calibration targets.
2026-06-20 06:00:00,France,Paris,48.8566,2.3522,2100000,17.913,2.118575,0.231111,0,99.646073,,,,,,not_provided_use_explicit_taivas_assumption,Not available in current RTE/ERA5 extracts,Paris-scale TAIVAS profile,5300.5,5369,0,0,6,8.5,22,161,197.5,197.5,5105,-0.5,96.312165,1.5,RTE eCO2mix Île-de-France regional observation,ERA5 Paris grid-point hourly observation,matched,usable_with_spatial_scope_warning,"RTE eCO2mix Île-de-France daily real-time exports, consolidated by TAIVAS workflow","ERA5 hourly time-series on single levels, Paris extract",Observed RTE MW values are regional validation references. They must not be treated as Paris-scale TAIVAS input capacities or direct absolute-MW calibration targets.
2026-06-20 07:00:00,France,Paris,48.8566,2.3522,2100000,18.4222,2.43544,43.342222,0,94.872952,,,,,,not_provided_use_explicit_taivas_assumption,Not available in current RTE/ERA5 extracts,Paris-scale TAIVAS profile,5548.25,5640,0,0,6,32.75,22,170.25,231,231,5320.25,-1.25,95.892097,1.75,RTE eCO2mix Île-de-France regional observation,ERA5 Paris grid-point hourly observation,matched,usable_with_spatial_scope_warning,"RTE eCO2mix Île-de-France daily real-time exports, consolidated by TAIVAS workflow","ERA5 hourly time-series on single levels, Paris extract",Observed RTE MW values are regional validation references. They must not be treated as Paris-scale TAIVAS input capacities or direct absolute-MW calibration targets.
2026-06-20 08:00:00,France,Paris,48.8566,2.3522,2100000,20.4037,1.707551,161.12,0,82.955064,,,,,,not_provided_use_explicit_taivas_assumption,Not available in current RTE/ERA5 extracts,Paris-scale TAIVAS profile,5997,6175,0,0,6,89,22,168.75,285.75,285.75,5713.25,-1.5,95.276368,0.5,RTE eCO2mix Île-de-France regional observation,ERA5 Paris grid-point hourly observation,matched,usable_with_spatial_scope_warning,"RTE eCO2mix Île-de-France daily real-time exports, consolidated by TAIVAS workflow","ERA5 hourly time-series on single levels, Paris extract",Observed RTE MW values are regional validation references. They must not be treated as Paris-scale TAIVAS input capacities or direct absolute-MW calibration targets.
2026-06-20 09:00:00,France,Paris,48.8566,2.3522,2100000,22.65814,1.330743,314.382222,0,72.955151,,,,,,not_provided_use_explicit_taivas_assumption,Not available in current RTE/ERA5 extracts,Paris-scale TAIVAS profile,6464.25,6679,0,0,5.25,171.25,22,169.25,367.75,367.75,6099,-1.5,94.354171,1,RTE eCO2mix Île-de-France regional observation,ERA5 Paris grid-point hourly observation,matched,usable_with_spatial_scope_warning,"RTE eCO2mix Île-de-France daily real-time exports, consolidated by TAIVAS workflow","ERA5 hourly time-series on single levels, Paris extract",Observed RTE MW values are regional validation references. They must not be treated as Paris-scale TAIVAS input capacities or direct absolute-MW calibration targets.
2026-06-20 10:00:00,France,Paris,48.8566,2.3522,2100000,25.1117,0.78331,473.386667,0,65.427916,,,,,,not_provided_use_explicit_taivas_assumption,Not available in current RTE/ERA5 extracts,Paris-scale TAIVAS profile,6904.75,7025,0,0,5.25,237.75,22,168.75,433.75,433.75,6472.75,0,93.744617,1.75,RTE eCO2mix Île-de-France regional observation,ERA5 Paris grid-point hourly observation,matched,usable_with_spatial_scope_warning,"RTE eCO2mix Île-de-France daily real-time exports, consolidated by TAIVAS workflow","ERA5 hourly time-series on single levels, Paris extract",Observed RTE MW values are regional validation references. They must not be treated as Paris-scale TAIVAS input capacities or direct absolute-MW calibration targets.
2026-06-20 11:00:00,France,Paris,48.8566,2.3522,2100000,27.29183,0.746078,619.822222,0,59.505496,,,,,,not_provided_use_explicit_taivas_assumption,Not available in current RTE/ERA5 extracts,Paris-scale TAIVAS profile,7236.5,7319,0,0,5.25,257,22,168.25,452.5,452.5,6786.25,-0.5,93.778012,1.75,RTE eCO2mix Île-de-France regional observation,ERA5 Paris grid-point hourly observation,matched,usable_with_spatial_scope_warning,"RTE eCO2mix Île-de-France daily real-time exports, consolidated by TAIVAS workflow","ERA5 hourly time-series on single levels, Paris extract",Observed RTE MW values are regional validation references. They must not be treated as Paris-scale TAIVAS input capacities or direct absolute-MW calibration targets.
2026-06-20 12:00:00,France,Paris,48.8566,2.3522,2100000,29.4565,2.489413,738.951111,0,53.315647,,,,,,not_provided_use_explicit_taivas_assumption,Not available in current RTE/ERA5 extracts,Paris-scale TAIVAS profile,7504,7669,0,0,17,162,22,168,369,369,7137.75,-1.5,95.120042,1.25,RTE eCO2mix Île-de-France regional observation,ERA5 Paris grid-point hourly observation,matched,usable_with_spatial_scope_warning,"RTE eCO2mix Île-de-France daily real-time exports, consolidated by TAIVAS workflow","ERA5 hourly time-series on single levels, Paris extract",Observed RTE MW values are regional validation references. They must not be treated as Paris-scale TAIVAS input capacities or direct absolute-MW calibration targets.
2026-06-20 13:00:00,France,Paris,48.8566,2.3522,2100000,31.27822,2.845732,822.026667,0,48.068876,,,,,,not_provided_use_explicit_taivas_assumption,Not available in current RTE/ERA5 extracts,Paris-scale TAIVAS profile,7666.5,7734,0,0,15.75,176.25,22,166,380,380,7287,0.25,95.049466,0.75,RTE eCO2mix Île-de-France regional observation,ERA5 Paris grid-point hourly observation,matched,usable_with_spatial_scope_warning,"RTE eCO2mix Île-de-France daily real-time exports, consolidated by TAIVAS workflow","ERA5 hourly time-series on single levels, Paris extract",Observed RTE MW values are regional validation references. They must not be treated as Paris-scale TAIVAS input capacities or direct absolute-MW calibration targets.
2026-06-20 14:00:00,France,Paris,48.8566,2.3522,2100000,32.58877,2.885906,845.457778,0,43.595095,,,,,,not_provided_use_explicit_taivas_assumption,Not available in current RTE/ERA5 extracts,Paris-scale TAIVAS profile,7769.25,7864,0,0,18.25,175.5,22,162.75,378.5,378.5,7391.75,0.5,95.140657,1.5,RTE eCO2mix Île-de-France regional observation,ERA5 Paris grid-point hourly observation,matched,usable_with_spatial_scope_warning,"RTE eCO2mix Île-de-France daily real-time exports, consolidated by TAIVAS workflow","ERA5 hourly time-series on single levels, Paris extract",Observed RTE MW values are regional validation references. They must not be treated as Paris-scale TAIVAS input capacities or direct absolute-MW calibration targets.
2026-06-20 15:00:00,France,Paris,48.8566,2.3522,2100000,33.58853,2.744787,857.955556,0.083923,42.350415,,,,,,not_provided_use_explicit_taivas_assumption,Not available in current RTE/ERA5 extracts,Paris-scale TAIVAS profile,7715.75,7783,0,0,23.75,242,22,161,448.75,448.75,7269,-1.25,94.21144,0.75,RTE eCO2mix Île-de-France regional observation,ERA5 Paris grid-point hourly observation,matched,usable_with_spatial_scope_warning,"RTE eCO2mix Île-de-France daily real-time exports, consolidated by TAIVAS workflow","ERA5 hourly time-series on single levels, Paris extract",Observed RTE MW values are regional validation references. They must not be treated as Paris-scale TAIVAS input capacities or direct absolute-MW calibration targets.
2026-06-20 16:00:00,France,Paris,48.8566,2.3522,2100000,34.03515,3.211194,621.351111,0.132561,44.330287,,,,,,not_provided_use_explicit_taivas_assumption,Not available in current RTE/ERA5 extracts,Paris-scale TAIVAS profile,7607.75,7687,0,0,21,244.5,22,162.75,450.25,450.25,7158,0.75,94.088186,1.25,RTE eCO2mix Île-de-France regional observation,ERA5 Paris grid-point hourly observation,matched,usable_with_spatial_scope_warning,"RTE eCO2mix Île-de-France daily real-time exports, consolidated by TAIVAS workflow","ERA5 hourly time-series on single levels, Paris extract",Observed RTE MW values are regional validation references. They must not be treated as Paris-scale TAIVAS input capacities or direct absolute-MW calibration targets.
2026-06-20 17:00:00,France,Paris,48.8566,2.3522,2100000,34.00555,3.722228,587.431111,0.109673,45.903586,,,,,,not_provided_use_explicit_taivas_assumption,Not available in current RTE/ERA5 extracts,Paris-scale TAIVAS profile,7570.5,7601,0,0,15.75,187.75,22,164.25,389.75,389.75,7181,1,94.854663,1.25,RTE eCO2mix Île-de-France regional observation,ERA5 Paris grid-point hourly observation,matched,usable_with_spatial_scope_warning,"RTE eCO2mix Île-de-France daily real-time exports, consolidated by TAIVAS workflow","ERA5 hourly time-series on single levels, Paris extract",Observed RTE MW values are regional validation references. They must not be treated as Paris-scale TAIVAS input capacities or direct absolute-MW calibration targets.
2026-06-20 18:00:00,France,Paris,48.8566,2.3522,2100000,34.25924,3.385049,514.471111,0.002384,42.805695,,,,,,not_provided_use_explicit_taivas_assumption,Not available in current RTE/ERA5 extracts,Paris-scale TAIVAS profile,7695.75,7728,0,0,19.5,144.5,22,166.5,352.5,352.5,7345.25,-0.25,95.446036,1.75,RTE eCO2mix Île-de-France regional observation,ERA5 Paris grid-point hourly observation,matched,usable_with_spatial_scope_warning,"RTE eCO2mix Île-de-France daily real-time exports, consolidated by TAIVAS workflow","ERA5 hourly time-series on single levels, Paris extract",Observed RTE MW values are regional validation references. They must not be treated as Paris-scale TAIVAS input capacities or direct absolute-MW calibration targets.
2026-06-20 19:00:00,France,Paris,48.8566,2.3522,2100000,33.7183,2.053094,319.964444,0.001431,43.288833,,,,,,not_provided_use_explicit_taivas_assumption,Not available in current RTE/ERA5 extracts,Paris-scale TAIVAS profile,7743.75,7784,0,0,16,87.25,22,167,292.25,292.25,7454.25,-0.5,96.261488,2.25,RTE eCO2mix Île-de-France regional observation,ERA5 Paris grid-point hourly observation,matched,usable_with_spatial_scope_warning,"RTE eCO2mix Île-de-France daily real-time exports, consolidated by TAIVAS workflow","ERA5 hourly time-series on single levels, Paris extract",Observed RTE MW values are regional validation references. They must not be treated as Paris-scale TAIVAS input capacities or direct absolute-MW calibration targets.
2026-06-20 20:00:00,France,Paris,48.8566,2.3522,2100000,32.5009,1.129574,224.764444,0,45.90012,,,,,,not_provided_use_explicit_taivas_assumption,Not available in current RTE/ERA5 extracts,Paris-scale TAIVAS profile,7527.75,7620,0,0,8.75,38.5,22,165.75,235,235,7295.25,0,96.912035,2.5,RTE eCO2mix Île-de-France regional observation,ERA5 Paris grid-point hourly observation,matched,usable_with_spatial_scope_warning,"RTE eCO2mix Île-de-France daily real-time exports, consolidated by TAIVAS workflow","ERA5 hourly time-series on single levels, Paris extract",Observed RTE MW values are regional validation references. They must not be treated as Paris-scale TAIVAS input capacities or direct absolute-MW calibration targets.
2026-06-20 21:00:00,France,Paris,48.8566,2.3522,2100000,30.35952,1.01194,124.302222,0,55.832803,,,,,,not_provided_use_explicit_taivas_assumption,Not available in current RTE/ERA5 extracts,Paris-scale TAIVAS profile,7217.25,7323,0,0,6.25,12,22,168,208.25,208.25,7011.5,-1.25,97.149647,1.25,RTE eCO2mix Île-de-France regional observation,ERA5 Paris grid-point hourly observation,matched,usable_with_spatial_scope_warning,"RTE eCO2mix Île-de-France daily real-time exports, consolidated by TAIVAS workflow","ERA5 hourly time-series on single levels, Paris extract",Observed RTE MW values are regional validation references. They must not be treated as Paris-scale TAIVAS input capacities or direct absolute-MW calibration targets.
2026-06-20 22:00:00,France,Paris,48.8566,2.3522,2100000,27.73626,1.55266,21.191111,0,64.243754,,,,,,not_provided_use_explicit_taivas_assumption,Not available in current RTE/ERA5 extracts,Paris-scale TAIVAS profile,7291,7411,0,0,6,2.25,22,168.25,198.5,198.5,7095.25,-1,97.314201,1.75,RTE eCO2mix Île-de-France regional observation,ERA5 Paris grid-point hourly observation,matched,usable_with_spatial_scope_warning,"RTE eCO2mix Île-de-France daily real-time exports, consolidated by TAIVAS workflow","ERA5 hourly time-series on single levels, Paris extract",Observed RTE MW values are regional validation references. They must not be treated as Paris-scale TAIVAS input capacities or direct absolute-MW calibration targets.
2026-06-20 23:00:00,France,Paris,48.8566,2.3522,2100000,25.87545,2.288947,0,0,71.455103,,,,,,not_provided_use_explicit_taivas_assumption,Not available in current RTE/ERA5 extracts,Paris-scale TAIVAS profile,7205.5,7350,0,0,10,0,22,168,200,200,7007.75,-1.5,97.252094,0.75,RTE eCO2mix Île-de-France regional observation,ERA5 Paris grid-point hourly observation,matched,usable_with_spatial_scope_warning,"RTE eCO2mix Île-de-France daily real-time exports, consolidated by TAIVAS workflow","ERA5 hourly time-series on single levels, Paris extract",Observed RTE MW values are regional validation references. They must not be treated as Paris-scale TAIVAS input capacities or direct absolute-MW calibration targets.
2026-06-21 00:00:00,France,Paris,48.8566,2.3522,2100000,24.20925,1.662874,0,0,73.580367,,,,,,not_provided_use_explicit_taivas_assumption,Not available in current RTE/ERA5 extracts,Paris-scale TAIVAS profile,6734.5,6876,0,0,22.75,0,22,170.75,215.5,215.5,6520.5,0,96.820229,1.5,RTE eCO2mix Île-de-France regional observation,ERA5 Paris grid-point hourly observation,matched,usable_with_spatial_scope_warning,"RTE eCO2mix Île-de-France daily real-time exports, consolidated by TAIVAS workflow","ERA5 hourly time-series on single levels, Paris extract",Observed RTE MW values are regional validation references. They must not be treated as Paris-scale TAIVAS input capacities or direct absolute-MW calibration targets.
2026-06-21 01:00:00,France,Paris,48.8566,2.3522,2100000,23.1527,1.576847,0,0,77.887657,,,,,,not_provided_use_explicit_taivas_assumption,Not available in current RTE/ERA5 extracts,Paris-scale TAIVAS profile,6160,6272,0,0,17,0,22,170.5,209.5,209.5,5952,-0.25,96.623127,1.25,RTE eCO2mix Île-de-France regional observation,ERA5 Paris grid-point hourly observation,matched,usable_with_spatial_scope_warning,"RTE eCO2mix Île-de-France daily real-time exports, consolidated by TAIVAS workflow","ERA5 hourly time-series on single levels, Paris extract",Observed RTE MW values are regional validation references. They must not be treated as Paris-scale TAIVAS input capacities or direct absolute-MW calibration targets.
2026-06-21 02:00:00,France,Paris,48.8566,2.3522,2100000,22.7191,1.632553,0,0,79.587293,,,,,,not_provided_use_explicit_taivas_assumption,Not available in current RTE/ERA5 extracts,Paris-scale TAIVAS profile,5684.25,5822,0,0,6.5,0,22,171.75,200.25,200.25,5485.5,-0.25,96.502137,1.25,RTE eCO2mix Île-de-France regional observation,ERA5 Paris grid-point hourly observation,matched,usable_with_spatial_scope_warning,"RTE eCO2mix Île-de-France daily real-time exports, consolidated by TAIVAS workflow","ERA5 hourly time-series on single levels, Paris extract",Observed RTE MW values are regional validation references. They must not be treated as Paris-scale TAIVAS input capacities or direct absolute-MW calibration targets.
2026-06-21 03:00:00,France,Paris,48.8566,2.3522,2100000,21.4651,1.86397,0,0,84.708451,,,,,,not_provided_use_explicit_taivas_assumption,Not available in current RTE/ERA5 extracts,Paris-scale TAIVAS profile,5365.75,5432,0,0,7.75,0,22,171.5,201.25,201.25,5166.75,-0.5,96.290535,1.75,RTE eCO2mix Île-de-France regional observation,ERA5 Paris grid-point hourly observation,matched,usable_with_spatial_scope_warning,"RTE eCO2mix Île-de-France daily real-time exports, consolidated by TAIVAS workflow","ERA5 hourly time-series on single levels, Paris extract",Observed RTE MW values are regional validation references. They must not be treated as Paris-scale TAIVAS input capacities or direct absolute-MW calibration targets.
2026-06-21 04:00:00,France,Paris,48.8566,2.3522,2100000,19.99825,1.687979,0,0,93.615529,,,,,,not_provided_use_explicit_taivas_assumption,Not available in current RTE/ERA5 extracts,Paris-scale TAIVAS profile,5184.25,5219,0,0,16.5,0,22,171.5,210,210,4976.5,-0.75,95.992963,1.5,RTE eCO2mix Île-de-France regional observation,ERA5 Paris grid-point hourly observation,matched,usable_with_spatial_scope_warning,"RTE eCO2mix Île-de-France daily real-time exports, consolidated by TAIVAS workflow","ERA5 hourly time-series on single levels, Paris extract",Observed RTE MW values are regional validation references. They must not be treated as Paris-scale TAIVAS input capacities or direct absolute-MW calibration targets.
2026-06-21 05:00:00,France,Paris,48.8566,2.3522,2100000,19.61218,2.464803,0,0,94.661154,,,,,,not_provided_use_explicit_taivas_assumption,Not available in current RTE/ERA5 extracts,Paris-scale TAIVAS profile,5220.25,5236,0,0,13.5,0,22,170.75,206.25,206.25,5015.75,-0.75,96.08263,1,RTE eCO2mix Île-de-France regional observation,ERA5 Paris grid-point hourly observation,matched,usable_with_spatial_scope_warning,"RTE eCO2mix Île-de-France daily real-time exports, consolidated by TAIVAS workflow","ERA5 hourly time-series on single levels, Paris extract",Observed RTE MW values are regional validation references. They must not be treated as Paris-scale TAIVAS input capacities or direct absolute-MW calibration targets.
2026-06-21 06:00:00,France,Paris,48.8566,2.3522,2100000,19.3079,2.660193,0.213333,0,96.67863,,,,,,not_provided_use_explicit_taivas_assumption,Not available in current RTE/ERA5 extracts,Paris-scale TAIVAS profile,5271.75,5355,0,0,12.25,8.25,22,169.25,211.75,211.75,5062,-0.5,96.021124,1.5,RTE eCO2mix Île-de-France regional observation,ERA5 Paris grid-point hourly observation,matched,usable_with_spatial_scope_warning,"RTE eCO2mix Île-de-France daily real-time exports, consolidated by TAIVAS workflow","ERA5 hourly time-series on single levels, Paris extract",Observed RTE MW values are regional validation references. They must not be treated as Paris-scale TAIVAS input capacities or direct absolute-MW calibration targets.
2026-06-21 07:00:00,France,Paris,48.8566,2.3522,2100000,19.6241,3.074903,39.36,0,95.331804,,,,,,not_provided_use_explicit_taivas_assumption,Not available in current RTE/ERA5 extracts,Paris-scale TAIVAS profile,5454,5555,0,0,16.25,33.25,22,171.75,243.25,243.25,5213,-1.25,95.582741,1,RTE eCO2mix Île-de-France regional observation,ERA5 Paris grid-point hourly observation,matched,usable_with_spatial_scope_warning,"RTE eCO2mix Île-de-France daily real-time exports, consolidated by TAIVAS workflow","ERA5 hourly time-series on single levels, Paris extract",Observed RTE MW values are regional validation references. They must not be treated as Paris-scale TAIVAS input capacities or direct absolute-MW calibration targets.
2026-06-21 08:00:00,France,Paris,48.8566,2.3522,2100000,21.5203,2.471138,145.511111,0,88.733574,,,,,,not_provided_use_explicit_taivas_assumption,Not available in current RTE/ERA5 extracts,Paris-scale TAIVAS profile,5737.5,5918,0,0,9.75,87.25,22,171.25,290.25,290.25,5449.25,-0.5,94.981511,1.5,RTE eCO2mix Île-de-France regional observation,ERA5 Paris grid-point hourly observation,matched,usable_with_spatial_scope_warning,"RTE eCO2mix Île-de-France daily real-time exports, consolidated by TAIVAS workflow","ERA5 hourly time-series on single levels, Paris extract",Observed RTE MW values are regional validation references. They must not be treated as Paris-scale TAIVAS input capacities or direct absolute-MW calibration targets.
2026-06-21 09:00:00,France,Paris,48.8566,2.3522,2100000,24.0818,2.312543,275.68,0,78.384358,,,,,,not_provided_use_explicit_taivas_assumption,Not available in current RTE/ERA5 extracts,Paris-scale TAIVAS profile,6333.5,6519,0,0,6,167.5,22,172.75,368.25,368.25,5967.5,-0.75,94.225703,1.5,RTE eCO2mix Île-de-France regional observation,ERA5 Paris grid-point hourly observation,matched,usable_with_spatial_scope_warning,"RTE eCO2mix Île-de-France daily real-time exports, consolidated by TAIVAS workflow","ERA5 hourly time-series on single levels, Paris extract",Observed RTE MW values are regional validation references. They must not be treated as Paris-scale TAIVAS input capacities or direct absolute-MW calibration targets.
2026-06-21 10:00:00,France,Paris,48.8566,2.3522,2100000,26.81564,2.760573,429.884444,0,67.890835,,,,,,not_provided_use_explicit_taivas_assumption,Not available in current RTE/ERA5 extracts,Paris-scale TAIVAS profile,6835.75,7095,0,0,6,236.75,22,169.25,434,434,6404,-0.5,93.684705,1.75,RTE eCO2mix Île-de-France regional observation,ERA5 Paris grid-point hourly observation,matched,usable_with_spatial_scope_warning,"RTE eCO2mix Île-de-France daily real-time exports, consolidated by TAIVAS workflow","ERA5 hourly time-series on single levels, Paris extract",Observed RTE MW values are regional validation references. They must not be treated as Paris-scale TAIVAS input capacities or direct absolute-MW calibration targets.
2026-06-21 11:00:00,France,Paris,48.8566,2.3522,2100000,29.23678,2.653325,577.333333,0,59.697828,,,,,,not_provided_use_explicit_taivas_assumption,Not available in current RTE/ERA5 extracts,Paris-scale TAIVAS profile,7222.25,7401,0,0,5.75,261,22,165,453.75,453.75,6770.75,-1,93.743795,1.25,RTE eCO2mix Île-de-France regional observation,ERA5 Paris grid-point hourly observation,matched,usable_with_spatial_scope_warning,"RTE eCO2mix Île-de-France daily real-time exports, consolidated by TAIVAS workflow","ERA5 hourly time-series on single levels, Paris extract",Observed RTE MW values are regional validation references. They must not be treated as Paris-scale TAIVAS input capacities or direct absolute-MW calibration targets.
2026-06-21 12:00:00,France,Paris,48.8566,2.3522,2100000,31.30856,0.652153,737.102222,0,49.399572,,,,,,not_provided_use_explicit_taivas_assumption,Not available in current RTE/ERA5 extracts,Paris-scale TAIVAS profile,7597.5,7650,0,0,5.75,180.75,22,163,371.5,371.5,7228.25,-0.25,95.139512,2,RTE eCO2mix Île-de-France regional observation,ERA5 Paris grid-point hourly observation,matched,usable_with_spatial_scope_warning,"RTE eCO2mix Île-de-France daily real-time exports, consolidated by TAIVAS workflow","ERA5 hourly time-series on single levels, Paris extract",Observed RTE MW values are regional validation references. They must not be treated as Paris-scale TAIVAS input capacities or direct absolute-MW calibration targets.
2026-06-21 13:00:00,France,Paris,48.8566,2.3522,2100000,33.07223,0.641787,833.386667,0,42.184768,,,,,,not_provided_use_explicit_taivas_assumption,Not available in current RTE/ERA5 extracts,Paris-scale TAIVAS profile,7600.5,7739,0,0,6,178,22,163.25,369.25,369.25,7233.75,-1,95.174083,1.5,RTE eCO2mix Île-de-France regional observation,ERA5 Paris grid-point hourly observation,matched,usable_with_spatial_scope_warning,"RTE eCO2mix Île-de-France daily real-time exports, consolidated by TAIVAS workflow","ERA5 hourly time-series on single levels, Paris extract",Observed RTE MW values are regional validation references. They must not be treated as Paris-scale TAIVAS input capacities or direct absolute-MW calibration targets.
2026-06-21 14:00:00,France,Paris,48.8566,2.3522,2100000,34.37032,0.351802,880.266667,0,38.185163,,,,,,not_provided_use_explicit_taivas_assumption,Not available in current RTE/ERA5 extracts,Paris-scale TAIVAS profile,7653.75,7759,0,0,5.75,211,22,158,396.75,396.75,7257.75,0.25,94.831152,1,RTE eCO2mix Île-de-France regional observation,ERA5 Paris grid-point hourly observation,matched,usable_with_spatial_scope_warning,"RTE eCO2mix Île-de-France daily real-time exports, consolidated by TAIVAS workflow","ERA5 hourly time-series on single levels, Paris extract",Observed RTE MW values are regional validation references. They must not be treated as Paris-scale TAIVAS input capacities or direct absolute-MW calibration targets.
2026-06-21 15:00:00,France,Paris,48.8566,2.3522,2100000,35.35116,0.453353,867.911111,0,35.285296,,,,,,not_provided_use_explicit_taivas_assumption,Not available in current RTE/ERA5 extracts,Paris-scale TAIVAS profile,7652.5,7788,0,0,5.5,301,22,156.5,485,485,7168.75,0.75,93.678716,2,RTE eCO2mix Île-de-France regional observation,ERA5 Paris grid-point hourly observation,matched,usable_with_spatial_scope_warning,"RTE eCO2mix Île-de-France daily real-time exports, consolidated by TAIVAS workflow","ERA5 hourly time-series on single levels, Paris extract",Observed RTE MW values are regional validation references. They must not be treated as Paris-scale TAIVAS input capacities or direct absolute-MW calibration targets.
2026-06-21 16:00:00,France,Paris,48.8566,2.3522,2100000,36.0212,0.948979,814.702222,0,33.224293,,,,,,not_provided_use_explicit_taivas_assumption,Not available in current RTE/ERA5 extracts,Paris-scale TAIVAS profile,7565,7614,0,0,5.75,266.75,22,156.5,451,451,7115,0.25,94.051612,1.25,RTE eCO2mix Île-de-France regional observation,ERA5 Paris grid-point hourly observation,matched,usable_with_spatial_scope_warning,"RTE eCO2mix Île-de-France daily real-time exports, consolidated by TAIVAS workflow","ERA5 hourly time-series on single levels, Paris extract",Observed RTE MW values are regional validation references. They must not be treated as Paris-scale TAIVAS input capacities or direct absolute-MW calibration targets.
2026-06-21 17:00:00,France,Paris,48.8566,2.3522,2100000,36.40182,1.236235,718.008889,0,31.984782,,,,,,not_provided_use_explicit_taivas_assumption,Not available in current RTE/ERA5 extracts,Paris-scale TAIVAS profile,7616.25,7685,0,0,5,221.75,22,159.5,408.25,408.25,7208.75,0.5,94.649107,1.25,RTE eCO2mix Île-de-France regional observation,ERA5 Paris grid-point hourly observation,matched,usable_with_spatial_scope_warning,"RTE eCO2mix Île-de-France daily real-time exports, consolidated by TAIVAS workflow","ERA5 hourly time-series on single levels, Paris extract",Observed RTE MW values are regional validation references. They must not be treated as Paris-scale TAIVAS input capacities or direct absolute-MW calibration targets.
2026-06-21 18:00:00,France,Paris,48.8566,2.3522,2100000,36.27264,1.50799,588.888889,0,32.604268,,,,,,not_provided_use_explicit_taivas_assumption,Not available in current RTE/ERA5 extracts,Paris-scale TAIVAS profile,7726.25,7842,50.75,0,6,159.25,22,159.5,397.5,346.75,7330.5,0,94.871616,1.75,RTE eCO2mix Île-de-France regional observation,ERA5 Paris grid-point hourly observation,matched,usable_with_spatial_scope_warning,"RTE eCO2mix Île-de-France daily real-time exports, consolidated by TAIVAS workflow","ERA5 hourly time-series on single levels, Paris extract",Observed RTE MW values are regional validation references. They must not be treated as Paris-scale TAIVAS input capacities or direct absolute-MW calibration targets.
2026-06-21 19:00:00,France,Paris,48.8566,2.3522,2100000,35.92327,2.168298,436.533333,0,34.108641,,,,,,not_provided_use_explicit_taivas_assumption,Not available in current RTE/ERA5 extracts,Paris-scale TAIVAS profile,7824.5,7905,651,0,6,90.75,22,158.5,928.25,277.25,6896.5,0,88.141908,0.25,RTE eCO2mix Île-de-France regional observation,ERA5 Paris grid-point hourly observation,matched,usable_with_spatial_scope_warning,"RTE eCO2mix Île-de-France daily real-time exports, consolidated by TAIVAS workflow","ERA5 hourly time-series on single levels, Paris extract",Observed RTE MW values are regional validation references. They must not be treated as Paris-scale TAIVAS input capacities or direct absolute-MW calibration targets.
2026-06-21 20:00:00,France,Paris,48.8566,2.3522,2100000,34.55496,2.47448,277.44,0,37.901294,,,,,,not_provided_use_explicit_taivas_assumption,Not available in current RTE/ERA5 extracts,Paris-scale TAIVAS profile,7748.75,7844,717.75,0,11,37.5,22,158.25,946.5,228.75,6803,-0.75,87.792932,0,RTE eCO2mix Île-de-France regional observation,ERA5 Paris grid-point hourly observation,matched,usable_with_spatial_scope_warning,"RTE eCO2mix Île-de-France daily real-time exports, consolidated by TAIVAS workflow","ERA5 hourly time-series on single levels, Paris extract",Observed RTE MW values are regional validation references. They must not be treated as Paris-scale TAIVAS input capacities or direct absolute-MW calibration targets.
2026-06-21 21:00:00,France,Paris,48.8566,2.3522,2100000,32.16845,2.720481,128.426667,0,46.348355,,,,,,not_provided_use_explicit_taivas_assumption,Not available in current RTE/ERA5 extracts,Paris-scale TAIVAS profile,7583.75,7663,739.5,0,25.75,10.25,22,163.75,961.25,221.75,6622.5,-0.75,87.322663,-0.75,RTE eCO2mix Île-de-France regional observation,ERA5 Paris grid-point hourly observation,matched,usable_with_spatial_scope_warning,"RTE eCO2mix Île-de-France daily real-time exports, consolidated by TAIVAS workflow","ERA5 hourly time-series on single levels, Paris extract",Observed RTE MW values are regional validation references. They must not be treated as Paris-scale TAIVAS input capacities or direct absolute-MW calibration targets.
2026-06-21 22:00:00,France,Paris,48.8566,2.3522,2100000,29.5167,3.391229,23.733333,0,55.888319,,,,,,not_provided_use_explicit_taivas_assumption,Not available in current RTE/ERA5 extracts,Paris-scale TAIVAS profile,7657,7912,526,0,47,2.25,22,165.5,762.75,236.75,6894.5,-0.75,90.025048,-0.5,RTE eCO2mix Île-de-France regional observation,ERA5 Paris grid-point hourly observation,matched,usable_with_spatial_scope_warning,"RTE eCO2mix Île-de-France daily real-time exports, consolidated by TAIVAS workflow","ERA5 hourly time-series on single levels, Paris extract",Observed RTE MW values are regional validation references. They must not be treated as Paris-scale TAIVAS input capacities or direct absolute-MW calibration targets.
2026-06-21 23:00:00,France,Paris,48.8566,2.3522,2100000,28.09475,4.031163,0,0,61.354239,,,,,,not_provided_use_explicit_taivas_assumption,Not available in current RTE/ERA5 extracts,Paris-scale TAIVAS profile,7504.75,7683,456.25,0,69.75,0,22,163.25,711.25,255,6793.75,-1,90.518337,-0.75,RTE eCO2mix Île-de-France regional observation,ERA5 Paris grid-point hourly observation,matched,usable_with_spatial_scope_warning,"RTE eCO2mix Île-de-France daily real-time exports, consolidated by TAIVAS workflow","ERA5 hourly time-series on single levels, Paris extract",Observed RTE MW values are regional validation references. They must not be treated as Paris-scale TAIVAS input capacities or direct absolute-MW calibration targets.
2026-06-22 00:00:00,France,Paris,48.8566,2.3522,2100000,27.06393,3.500402,0,0,68.404143,,,,,,not_provided_use_explicit_taivas_assumption,Not available in current RTE/ERA5 extracts,Paris-scale TAIVAS profile,6967.75,7197,268.75,0,65.75,0,22,160.5,517,248.25,6452,-1.5,92.67158,-0.25,RTE eCO2mix Île-de-France regional observation,ERA5 Paris grid-point hourly observation,matched,usable_with_spatial_scope_warning,"RTE eCO2mix Île-de-France daily real-time exports, consolidated by TAIVAS workflow","ERA5 hourly time-series on single levels, Paris extract",Observed RTE MW values are regional validation references. They must not be treated as Paris-scale TAIVAS input capacities or direct absolute-MW calibration targets.
2026-06-22 01:00:00,France,Paris,48.8566,2.3522,2100000,26.1011,3.55178,0,0,73.415917,,,,,,not_provided_use_explicit_taivas_assumption,Not available in current RTE/ERA5 extracts,Paris-scale TAIVAS profile,6363,6509,0,0,35.75,0,22,157.25,215,215,6149.75,-0.5,96.64684,1.25,RTE eCO2mix Île-de-France regional observation,ERA5 Paris grid-point hourly observation,matched,usable_with_spatial_scope_warning,"RTE eCO2mix Île-de-France daily real-time exports, consolidated by TAIVAS workflow","ERA5 hourly time-series on single levels, Paris extract",Observed RTE MW values are regional validation references. They must not be treated as Paris-scale TAIVAS input capacities or direct absolute-MW calibration targets.
2026-06-22 02:00:00,France,Paris,48.8566,2.3522,2100000,25.22366,3.299783,0,0,76.61726,,,,,,not_provided_use_explicit_taivas_assumption,Not available in current RTE/ERA5 extracts,Paris-scale TAIVAS profile,5932.25,6059,0,0,36.75,0,22,157,215.75,215.75,5718.5,-1,96.39609,1,RTE eCO2mix Île-de-France regional observation,ERA5 Paris grid-point hourly observation,matched,usable_with_spatial_scope_warning,"RTE eCO2mix Île-de-France daily real-time exports, consolidated by TAIVAS workflow","ERA5 hourly time-series on single levels, Paris extract",Observed RTE MW values are regional validation references. They must not be treated as Paris-scale TAIVAS input capacities or direct absolute-MW calibration targets.
2026-06-22 03:00:00,France,Paris,48.8566,2.3522,2100000,24.3702,2.8066,0,0,80.553662,,,,,,not_provided_use_explicit_taivas_assumption,Not available in current RTE/ERA5 extracts,Paris-scale TAIVAS profile,5669.5,5735,0,0,34.25,0,22,157,213.25,213.25,5459,-1.5,96.286657,1.25,RTE eCO2mix Île-de-France regional observation,ERA5 Paris grid-point hourly observation,matched,usable_with_spatial_scope_warning,"RTE eCO2mix Île-de-France daily real-time exports, consolidated by TAIVAS workflow","ERA5 hourly time-series on single levels, Paris extract",Observed RTE MW values are regional validation references. They must not be treated as Paris-scale TAIVAS input capacities or direct absolute-MW calibration targets.
2026-06-22 04:00:00,France,Paris,48.8566,2.3522,2100000,23.66256,2.56479,0,0,83.029374,,,,,,not_provided_use_explicit_taivas_assumption,Not available in current RTE/ERA5 extracts,Paris-scale TAIVAS profile,5632,5659,0,0,32.25,0,22,157.25,211.5,211.5,5422.25,-1,96.275774,0.75,RTE eCO2mix Île-de-France regional observation,ERA5 Paris grid-point hourly observation,matched,usable_with_spatial_scope_warning,"RTE eCO2mix Île-de-France daily real-time exports, consolidated by TAIVAS workflow","ERA5 hourly time-series on single levels, Paris extract",Observed RTE MW values are regional validation references. They must not be treated as Paris-scale TAIVAS input capacities or direct absolute-MW calibration targets.
2026-06-22 05:00:00,France,Paris,48.8566,2.3522,2100000,23.09762,2.607999,0,0,85.636228,,,,,,not_provided_use_explicit_taivas_assumption,Not available in current RTE/ERA5 extracts,Paris-scale TAIVAS profile,5746.5,5815,0,0,26.75,0,22,157,205.75,205.75,5542.25,-0.5,96.445337,1,RTE eCO2mix Île-de-France regional observation,ERA5 Paris grid-point hourly observation,matched,usable_with_spatial_scope_warning,"RTE eCO2mix Île-de-France daily real-time exports, consolidated by TAIVAS workflow","ERA5 hourly time-series on single levels, Paris extract",Observed RTE MW values are regional validation references. They must not be treated as Paris-scale TAIVAS input capacities or direct absolute-MW calibration targets.
2026-06-22 06:00:00,France,Paris,48.8566,2.3522,2100000,22.512,2.45795,0.213333,0,88.049827,,,,,,not_provided_use_explicit_taivas_assumption,Not available in current RTE/ERA5 extracts,Paris-scale TAIVAS profile,6220.25,6474,0,0,22.75,8.5,22,157,210.25,210.25,6011.25,-0.75,96.636731,0.5,RTE eCO2mix Île-de-France regional observation,ERA5 Paris grid-point hourly observation,matched,usable_with_spatial_scope_warning,"RTE eCO2mix Île-de-France daily real-time exports, consolidated by TAIVAS workflow","ERA5 hourly time-series on single levels, Paris extract",Observed RTE MW values are regional validation references. They must not be treated as Paris-scale TAIVAS input capacities or direct absolute-MW calibration targets.
2026-06-22 07:00:00,France,Paris,48.8566,2.3522,2100000,23.2012,2.786376,37.102222,0,86.751992,,,,,,not_provided_use_explicit_taivas_assumption,Not available in current RTE/ERA5 extracts,Paris-scale TAIVAS profile,7008.75,7296,0,0,18,34.5,22,156.75,231.25,231.25,6779.25,-0.5,96.725958,1.25,RTE eCO2mix Île-de-France regional observation,ERA5 Paris grid-point hourly observation,matched,usable_with_spatial_scope_warning,"RTE eCO2mix Île-de-France daily real-time exports, consolidated by TAIVAS workflow","ERA5 hourly time-series on single levels, Paris extract",Observed RTE MW values are regional validation references. They must not be treated as Paris-scale TAIVAS input capacities or direct absolute-MW calibration targets.
2026-06-22 08:00:00,France,Paris,48.8566,2.3522,2100000,25.3182,2.806498,155.768889,0,77.371161,,,,,,not_provided_use_explicit_taivas_assumption,Not available in current RTE/ERA5 extracts,Paris-scale TAIVAS profile,7741.75,7980,0,0,10.75,86,22,156.25,275,275,7468,0.5,96.468081,1.75,RTE eCO2mix Île-de-France regional observation,ERA5 Paris grid-point hourly observation,matched,usable_with_spatial_scope_warning,"RTE eCO2mix Île-de-France daily real-time exports, consolidated by TAIVAS workflow","ERA5 hourly time-series on single levels, Paris extract",Observed RTE MW values are regional validation references. They must not be treated as Paris-scale TAIVAS input capacities or direct absolute-MW calibration targets.
2026-06-22 09:00:00,France,Paris,48.8566,2.3522,2100000,27.86385,2.768972,293.137778,0,66.983491,,,,,,not_provided_use_explicit_taivas_assumption,Not available in current RTE/ERA5 extracts,Paris-scale TAIVAS profile,8440.25,8571,0,0,7.75,163,22,157.5,350.25,350.25,8093.25,-1.75,95.891438,1.5,RTE eCO2mix Île-de-France regional observation,ERA5 Paris grid-point hourly observation,matched,usable_with_spatial_scope_warning,"RTE eCO2mix Île-de-France daily real-time exports, consolidated by TAIVAS workflow","ERA5 hourly time-series on single levels, Paris extract",Observed RTE MW values are regional validation references. They must not be treated as Paris-scale TAIVAS input capacities or direct absolute-MW calibration targets.
2026-06-22 10:00:00,France,Paris,48.8566,2.3522,2100000,30.2518,2.707334,398.506667,0,58.121742,,,,,,not_provided_use_explicit_taivas_assumption,Not available in current RTE/ERA5 extracts,Paris-scale TAIVAS profile,8774.75,8864,0,0,11,231.75,22,155.25,420,420,8357,-1,95.240417,1.25,RTE eCO2mix Île-de-France regional observation,ERA5 Paris grid-point hourly observation,matched,usable_with_spatial_scope_warning,"RTE eCO2mix Île-de-France daily real-time exports, consolidated by TAIVAS workflow","ERA5 hourly time-series on single levels, Paris extract",Observed RTE MW values are regional validation references. They must not be treated as Paris-scale TAIVAS input capacities or direct absolute-MW calibration targets.
2026-06-22 11:00:00,France,Paris,48.8566,2.3522,2100000,32.499,3.069088,609.404444,0,49.75912,,,,,,not_provided_use_explicit_taivas_assumption,Not available in current RTE/ERA5 extracts,Paris-scale TAIVAS profile,8990.75,9062,0,0,14,276.25,22,154,466.25,466.25,8526.25,-0.25,94.834038,1.5,RTE eCO2mix Île-de-France regional observation,ERA5 Paris grid-point hourly observation,matched,usable_with_spatial_scope_warning,"RTE eCO2mix Île-de-France daily real-time exports, consolidated by TAIVAS workflow","ERA5 hourly time-series on single levels, Paris extract",Observed RTE MW values are regional validation references. They must not be treated as Paris-scale TAIVAS input capacities or direct absolute-MW calibration targets.
2026-06-22 12:00:00,France,Paris,48.8566,2.3522,2100000,34.26797,3.116329,741.44,0,42.052113,,,,,,not_provided_use_explicit_taivas_assumption,Not available in current RTE/ERA5 extracts,Paris-scale TAIVAS profile,9190.75,9271,0,0,15.5,306.5,22,154.75,498.75,498.75,8694.25,-0.25,94.597866,2,RTE eCO2mix Île-de-France regional observation,ERA5 Paris grid-point hourly observation,matched,usable_with_spatial_scope_warning,"RTE eCO2mix Île-de-France daily real-time exports, consolidated by TAIVAS workflow","ERA5 hourly time-series on single levels, Paris extract",Observed RTE MW values are regional validation references. They must not be treated as Paris-scale TAIVAS input capacities or direct absolute-MW calibration targets.
2026-06-22 13:00:00,France,Paris,48.8566,2.3522,2100000,35.49853,3.264976,828,0.000477,37.790621,,,,,,not_provided_use_explicit_taivas_assumption,Not available in current RTE/ERA5 extracts,Paris-scale TAIVAS profile,9200.5,9263,0,0,15.5,319.75,22,153.75,511,511,8691.75,-1.25,94.469899,1,RTE eCO2mix Île-de-France regional observation,ERA5 Paris grid-point hourly observation,matched,usable_with_spatial_scope_warning,"RTE eCO2mix Île-de-France daily real-time exports, consolidated by TAIVAS workflow","ERA5 hourly time-series on single levels, Paris extract",Observed RTE MW values are regional validation references. They must not be treated as Paris-scale TAIVAS input capacities or direct absolute-MW calibration targets.
2026-06-22 14:00:00,France,Paris,48.8566,2.3522,2100000,36.28463,3.10854,871.217778,0.001431,34.690315,,,,,,not_provided_use_explicit_taivas_assumption,Not available in current RTE/ERA5 extracts,Paris-scale TAIVAS profile,9204.5,9238,0,0,11.5,320,22,155.25,508.75,508.75,8698.5,-1.5,94.502676,1.25,RTE eCO2mix Île-de-France regional observation,ERA5 Paris grid-point hourly observation,matched,usable_with_spatial_scope_warning,"RTE eCO2mix Île-de-France daily real-time exports, consolidated by TAIVAS workflow","ERA5 hourly time-series on single levels, Paris extract",Observed RTE MW values are regional validation references. They must not be treated as Paris-scale TAIVAS input capacities or direct absolute-MW calibration targets.
2026-06-22 15:00:00,France,Paris,48.8566,2.3522,2100000,36.89523,2.979392,866.56,0.002861,32.573334,,,,,,not_provided_use_explicit_taivas_assumption,Not available in current RTE/ERA5 extracts,Paris-scale TAIVAS profile,9037.25,9110,0,0,12.5,295,22,155.5,485,485,8554.25,-0.5,94.655909,1.5,RTE eCO2mix Île-de-France regional observation,ERA5 Paris grid-point hourly observation,matched,usable_with_spatial_scope_warning,"RTE eCO2mix Île-de-France daily real-time exports, consolidated by TAIVAS workflow","ERA5 hourly time-series on single levels, Paris extract",Observed RTE MW values are regional validation references. They must not be treated as Paris-scale TAIVAS input capacities or direct absolute-MW calibration targets.
2026-06-22 16:00:00,France,Paris,48.8566,2.3522,2100000,37.20913,3.021381,816.142222,0,31.626132,,,,,,not_provided_use_explicit_taivas_assumption,Not available in current RTE/ERA5 extracts,Paris-scale TAIVAS profile,8959.25,9010,0,0,7.75,260.5,22,156.5,446.75,446.75,8515.75,-1.25,95.049604,2,RTE eCO2mix Île-de-France regional observation,ERA5 Paris grid-point hourly observation,matched,usable_with_spatial_scope_warning,"RTE eCO2mix Île-de-France daily real-time exports, consolidated by TAIVAS workflow","ERA5 hourly time-series on single levels, Paris extract",Observed RTE MW values are regional validation references. They must not be treated as Paris-scale TAIVAS input capacities or direct absolute-MW calibration targets.
2026-06-22 17:00:00,France,Paris,48.8566,2.3522,2100000,37.22018,3.027763,725.44,0,31.216943,,,,,,not_provided_use_explicit_taivas_assumption,Not available in current RTE/ERA5 extracts,Paris-scale TAIVAS profile,8966.25,9051,0,0,13.25,214,22,155.75,405,405,8562.75,0.25,95.499184,1.75,RTE eCO2mix Île-de-France regional observation,ERA5 Paris grid-point hourly observation,matched,usable_with_spatial_scope_warning,"RTE eCO2mix Île-de-France daily real-time exports, consolidated by TAIVAS workflow","ERA5 hourly time-series on single levels, Paris extract",Observed RTE MW values are regional validation references. They must not be treated as Paris-scale TAIVAS input capacities or direct absolute-MW calibration targets.
2026-06-22 18:00:00,France,Paris,48.8566,2.3522,2100000,36.90762,3.414908,592.017778,0.000954,31.652372,,,,,,not_provided_use_explicit_taivas_assumption,Not available in current RTE/ERA5 extracts,Paris-scale TAIVAS profile,8958.25,9081,177.5,0,14.25,155,22,156,524.75,347.25,8434.25,0,94.159329,0.75,RTE eCO2mix Île-de-France regional observation,ERA5 Paris grid-point hourly observation,matched,usable_with_spatial_scope_warning,"RTE eCO2mix Île-de-France daily real-time exports, consolidated by TAIVAS workflow","ERA5 hourly time-series on single levels, Paris extract",Observed RTE MW values are regional validation references. They must not be treated as Paris-scale TAIVAS input capacities or direct absolute-MW calibration targets.
2026-06-22 19:00:00,France,Paris,48.8566,2.3522,2100000,36.25744,3.478834,439.182222,0,33.550637,,,,,,not_provided_use_explicit_taivas_assumption,Not available in current RTE/ERA5 extracts,Paris-scale TAIVAS profile,8951,9038,285.25,0,21.5,93.25,22,157,579,293.75,8373.25,-0.75,93.54607,0.5,RTE eCO2mix Île-de-France regional observation,ERA5 Paris grid-point hourly observation,matched,usable_with_spatial_scope_warning,"RTE eCO2mix Île-de-France daily real-time exports, consolidated by TAIVAS workflow","ERA5 hourly time-series on single levels, Paris extract",Observed RTE MW values are regional validation references. They must not be treated as Paris-scale TAIVAS input capacities or direct absolute-MW calibration targets.
2026-06-22 20:00:00,France,Paris,48.8566,2.3522,2100000,34.9435,3.127604,276.835556,0,36.900101,,,,,,not_provided_use_explicit_taivas_assumption,Not available in current RTE/ERA5 extracts,Paris-scale TAIVAS profile,8666.5,8851,669.75,0,35.5,38.5,22,156.5,922.25,252.5,7744.75,-1,89.349707,-0.5,RTE eCO2mix Île-de-France regional observation,ERA5 Paris grid-point hourly observation,matched,usable_with_spatial_scope_warning,"RTE eCO2mix Île-de-France daily real-time exports, consolidated by TAIVAS workflow","ERA5 hourly time-series on single levels, Paris extract",Observed RTE MW values are regional validation references. They must not be treated as Paris-scale TAIVAS input capacities or direct absolute-MW calibration targets.
2026-06-22 21:00:00,France,Paris,48.8566,2.3522,2100000,32.87518,3.277913,120.088889,0,42.823566,,,,,,not_provided_use_explicit_taivas_assumption,Not available in current RTE/ERA5 extracts,Paris-scale TAIVAS profile,8173,8316,434,0,40.75,10.75,22,156,663.5,229.5,7509.5,-0.75,91.878867,-0.75,RTE eCO2mix Île-de-France regional observation,ERA5 Paris grid-point hourly observation,matched,usable_with_spatial_scope_warning,"RTE eCO2mix Île-de-France daily real-time exports, consolidated by TAIVAS workflow","ERA5 hourly time-series on single levels, Paris extract",Observed RTE MW values are regional validation references. They must not be treated as Paris-scale TAIVAS input capacities or direct absolute-MW calibration targets.
2026-06-22 22:00:00,France,Paris,48.8566,2.3522,2100000,30.42367,3.753054,23.253333,0,51.08889,,,,,,not_provided_use_explicit_taivas_assumption,Not available in current RTE/ERA5 extracts,Paris-scale TAIVAS profile,8122.25,8268,446.25,0,56,2.5,22,156,682.75,236.5,7439.75,-0.75,91.596561,-0.5,RTE eCO2mix Île-de-France regional observation,ERA5 Paris grid-point hourly observation,matched,usable_with_spatial_scope_warning,"RTE eCO2mix Île-de-France daily real-time exports, consolidated by TAIVAS workflow","ERA5 hourly time-series on single levels, Paris extract",Observed RTE MW values are regional validation references. They must not be treated as Paris-scale TAIVAS input capacities or direct absolute-MW calibration targets.
2026-06-22 23:00:00,France,Paris,48.8566,2.3522,2100000,28.47,4.071949,0,0,58.446424,,,,,,not_provided_use_explicit_taivas_assumption,Not available in current RTE/ERA5 extracts,Paris-scale TAIVAS profile,7811.5,8081,423.5,0,58.5,0,22,156.25,660.25,236.75,7151.5,-0.75,91.556105,-0.5,RTE eCO2mix Île-de-France regional observation,ERA5 Paris grid-point hourly observation,matched,usable_with_spatial_scope_warning,"RTE eCO2mix Île-de-France daily real-time exports, consolidated by TAIVAS workflow","ERA5 hourly time-series on single levels, Paris extract",Observed RTE MW values are regional validation references. They must not be treated as Paris-scale TAIVAS input capacities or direct absolute-MW calibration targets.
2026-06-23 00:00:00,France,Paris,48.8566,2.3522,2100000,27.24203,3.344539,0,0,64.875333,,,,,,not_provided_use_explicit_taivas_assumption,Not available in current RTE/ERA5 extracts,Paris-scale TAIVAS profile,7210.25,7469,337.25,0,72.5,0,22,157,588.75,251.5,6621.75,-1.25,91.829424,-1,RTE eCO2mix Île-de-France regional observation,ERA5 Paris grid-point hourly observation,matched,usable_with_spatial_scope_warning,"RTE eCO2mix Île-de-France daily real-time exports, consolidated by TAIVAS workflow","ERA5 hourly time-series on single levels, Paris extract",Observed RTE MW values are regional validation references. They must not be treated as Paris-scale TAIVAS input capacities or direct absolute-MW calibration targets.
2026-06-23 01:00:00,France,Paris,48.8566,2.3522,2100000,26.19583,3.335282,0,0,69.070839,,,,,,not_provided_use_explicit_taivas_assumption,Not available in current RTE/ERA5 extracts,Paris-scale TAIVAS profile,6560,6756,315,0,74.25,0,22,157.25,568.5,253.5,5991.5,-0.75,91.336833,-0.75,RTE eCO2mix Île-de-France regional observation,ERA5 Paris grid-point hourly observation,matched,usable_with_spatial_scope_warning,"RTE eCO2mix Île-de-France daily real-time exports, consolidated by TAIVAS workflow","ERA5 hourly time-series on single levels, Paris extract",Observed RTE MW values are regional validation references. They must not be treated as Paris-scale TAIVAS input capacities or direct absolute-MW calibration targets.
2026-06-23 02:00:00,France,Paris,48.8566,2.3522,2100000,25.1802,3.023979,0,0,72.956343,,,,,,not_provided_use_explicit_taivas_assumption,Not available in current RTE/ERA5 extracts,Paris-scale TAIVAS profile,6094.25,6226,224.25,0,62.5,0,22,158.25,467,242.75,5627.5,-0.75,92.356192,-0.5,RTE eCO2mix Île-de-France regional observation,ERA5 Paris grid-point hourly observation,matched,usable_with_spatial_scope_warning,"RTE eCO2mix Île-de-France daily real-time exports, consolidated by TAIVAS workflow","ERA5 hourly time-series on single levels, Paris extract",Observed RTE MW values are regional validation references. They must not be treated as Paris-scale TAIVAS input capacities or direct absolute-MW calibration targets.
2026-06-23 03:00:00,France,Paris,48.8566,2.3522,2100000,24.21755,2.874554,0,0,76.301336,,,,,,not_provided_use_explicit_taivas_assumption,Not available in current RTE/ERA5 extracts,Paris-scale TAIVAS profile,5821,5883,0,0,56.75,0,22,157.75,236.5,236.5,5585.75,0,95.958579,1.25,RTE eCO2mix Île-de-France regional observation,ERA5 Paris grid-point hourly observation,matched,usable_with_spatial_scope_warning,"RTE eCO2mix Île-de-France daily real-time exports, consolidated by TAIVAS workflow","ERA5 hourly time-series on single levels, Paris extract",Observed RTE MW values are regional validation references. They must not be treated as Paris-scale TAIVAS input capacities or direct absolute-MW calibration targets.
2026-06-23 04:00:00,France,Paris,48.8566,2.3522,2100000,23.1504,2.645696,0,0,80.335252,,,,,,not_provided_use_explicit_taivas_assumption,Not available in current RTE/ERA5 extracts,Paris-scale TAIVAS profile,5742,5760,0,0,29.5,0,22,156.25,207.75,207.75,5535.75,-0.25,96.408297,1.25,RTE eCO2mix Île-de-France regional observation,ERA5 Paris grid-point hourly observation,matched,usable_with_spatial_scope_warning,"RTE eCO2mix Île-de-France daily real-time exports, consolidated by TAIVAS workflow","ERA5 hourly time-series on single levels, Paris extract",Observed RTE MW values are regional validation references. They must not be treated as Paris-scale TAIVAS input capacities or direct absolute-MW calibration targets.
2026-06-23 05:00:00,France,Paris,48.8566,2.3522,2100000,22.42672,2.667994,0,0,83.196406,,,,,,not_provided_use_explicit_taivas_assumption,Not available in current RTE/ERA5 extracts,Paris-scale TAIVAS profile,5908,6031,0,0,14.75,0,22,156.25,193,193,5716.75,-0.5,96.76133,1.25,RTE eCO2mix Île-de-France regional observation,ERA5 Paris grid-point hourly observation,matched,usable_with_spatial_scope_warning,"RTE eCO2mix Île-de-France daily real-time exports, consolidated by TAIVAS workflow","ERA5 hourly time-series on single levels, Paris extract",Observed RTE MW values are regional validation references. They must not be treated as Paris-scale TAIVAS input capacities or direct absolute-MW calibration targets.
2026-06-23 06:00:00,France,Paris,48.8566,2.3522,2100000,22.01833,2.836565,0.195556,0,86.11692,,,,,,not_provided_use_explicit_taivas_assumption,Not available in current RTE/ERA5 extracts,Paris-scale TAIVAS profile,6393.75,6663,0,0,12,8.75,22,156.25,199,199,6195.75,0.25,96.901675,1.25,RTE eCO2mix Île-de-France regional observation,ERA5 Paris grid-point hourly observation,matched,usable_with_spatial_scope_warning,"RTE eCO2mix Île-de-France daily real-time exports, consolidated by TAIVAS workflow","ERA5 hourly time-series on single levels, Paris extract",Observed RTE MW values are regional validation references. They must not be treated as Paris-scale TAIVAS input capacities or direct absolute-MW calibration targets.
2026-06-23 07:00:00,France,Paris,48.8566,2.3522,2100000,22.85018,3.011188,42.755556,0,83.9465,,,,,,not_provided_use_explicit_taivas_assumption,Not available in current RTE/ERA5 extracts,Paris-scale TAIVAS profile,7122.25,7425,0,0,17.5,32.25,22,159.25,231,231,6892.25,0.5,96.771988,1.5,RTE eCO2mix Île-de-France regional observation,ERA5 Paris grid-point hourly observation,matched,usable_with_spatial_scope_warning,"RTE eCO2mix Île-de-France daily real-time exports, consolidated by TAIVAS workflow","ERA5 hourly time-series on single levels, Paris extract",Observed RTE MW values are regional validation references. They must not be treated as Paris-scale TAIVAS input capacities or direct absolute-MW calibration targets.
2026-06-23 08:00:00,France,Paris,48.8566,2.3522,2100000,25.14608,2.617544,150.986667,0,74.029664,,,,,,not_provided_use_explicit_taivas_assumption,Not available in current RTE/ERA5 extracts,Paris-scale TAIVAS profile,7881,8149,0,0,8.5,76,22,162.5,269,269,7614,-0.25,96.61606,1.75,RTE eCO2mix Île-de-France regional observation,ERA5 Paris grid-point hourly observation,matched,usable_with_spatial_scope_warning,"RTE eCO2mix Île-de-France daily real-time exports, consolidated by TAIVAS workflow","ERA5 hourly time-series on single levels, Paris extract",Observed RTE MW values are regional validation references. They must not be treated as Paris-scale TAIVAS input capacities or direct absolute-MW calibration targets.
2026-06-23 09:00:00,France,Paris,48.8566,2.3522,2100000,27.46154,1.994786,303.537778,0,65.666985,,,,,,not_provided_use_explicit_taivas_assumption,Not available in current RTE/ERA5 extracts,Paris-scale TAIVAS profile,8482.75,8637,0,0,5.25,131.5,22,162.25,321,321,8164,-0.75,96.24482,1.5,RTE eCO2mix Île-de-France regional observation,ERA5 Paris grid-point hourly observation,matched,usable_with_spatial_scope_warning,"RTE eCO2mix Île-de-France daily real-time exports, consolidated by TAIVAS workflow","ERA5 hourly time-series on single levels, Paris extract",Observed RTE MW values are regional validation references. They must not be treated as Paris-scale TAIVAS input capacities or direct absolute-MW calibration targets.
2026-06-23 10:00:00,France,Paris,48.8566,2.3522,2100000,30.0364,2.878119,427.786667,0,58.607241,,,,,,not_provided_use_explicit_taivas_assumption,Not available in current RTE/ERA5 extracts,Paris-scale TAIVAS profile,8776.75,8834,0,0,5.5,181.25,22,155,363.75,363.75,8413.5,0.5,95.861713,1,RTE eCO2mix Île-de-France regional observation,ERA5 Paris grid-point hourly observation,matched,usable_with_spatial_scope_warning,"RTE eCO2mix Île-de-France daily real-time exports, consolidated by TAIVAS workflow","ERA5 hourly time-series on single levels, Paris extract",Observed RTE MW values are regional validation references. They must not be treated as Paris-scale TAIVAS input capacities or direct absolute-MW calibration targets.
2026-06-23 11:00:00,France,Paris,48.8566,2.3522,2100000,30.4648,2.91449,592.622222,0,56.126608,,,,,,not_provided_use_explicit_taivas_assumption,Not available in current RTE/ERA5 extracts,Paris-scale TAIVAS profile,9011.25,9064,0,0,9,221.25,22,155.5,407.75,407.75,8604.75,-0.25,95.489063,1,RTE eCO2mix Île-de-France regional observation,ERA5 Paris grid-point hourly observation,matched,usable_with_spatial_scope_warning,"RTE eCO2mix Île-de-France daily real-time exports, consolidated by TAIVAS workflow","ERA5 hourly time-series on single levels, Paris extract",Observed RTE MW values are regional validation references. They must not be treated as Paris-scale TAIVAS input capacities or direct absolute-MW calibration targets.
2026-06-23 12:00:00,France,Paris,48.8566,2.3522,2100000,31.43868,3.77364,673.848889,0,51.734366,,,,,,not_provided_use_explicit_taivas_assumption,Not available in current RTE/ERA5 extracts,Paris-scale TAIVAS profile,9128.25,9209,0,0,24.5,257.25,22,154.75,458.5,458.5,8671.5,-1.25,94.996936,0.5,RTE eCO2mix Île-de-France regional observation,ERA5 Paris grid-point hourly observation,matched,usable_with_spatial_scope_warning,"RTE eCO2mix Île-de-France daily real-time exports, consolidated by TAIVAS workflow","ERA5 hourly time-series on single levels, Paris extract",Observed RTE MW values are regional validation references. They must not be treated as Paris-scale TAIVAS input capacities or direct absolute-MW calibration targets.
2026-06-23 13:00:00,France,Paris,48.8566,2.3522,2100000,32.74618,4.114205,738.666667,0,44.756181,,,,,,not_provided_use_explicit_taivas_assumption,Not available in current RTE/ERA5 extracts,Paris-scale TAIVAS profile,9177.25,9236,0,0,35.5,284.25,22,155.5,497.25,497.25,8681.75,0.25,94.600481,2,RTE eCO2mix Île-de-France regional observation,ERA5 Paris grid-point hourly observation,matched,usable_with_spatial_scope_warning,"RTE eCO2mix Île-de-France daily real-time exports, consolidated by TAIVAS workflow","ERA5 hourly time-series on single levels, Paris extract",Observed RTE MW values are regional validation references. They must not be treated as Paris-scale TAIVAS input capacities or direct absolute-MW calibration targets.
2026-06-23 14:00:00,France,Paris,48.8566,2.3522,2100000,33.56475,2.094281,738.542222,0,40.997438,,,,,,not_provided_use_explicit_taivas_assumption,Not available in current RTE/ERA5 extracts,Paris-scale TAIVAS profile,9247.25,9277,393.75,0,18.5,290.25,22,157.5,882,488.25,8365.75,-1,90.467621,-0.5,RTE eCO2mix Île-de-France regional observation,ERA5 Paris grid-point hourly observation,matched,usable_with_spatial_scope_warning,"RTE eCO2mix Île-de-France daily real-time exports, consolidated by TAIVAS workflow","ERA5 hourly time-series on single levels, Paris extract",Observed RTE MW values are regional validation references. They must not be treated as Paris-scale TAIVAS input capacities or direct absolute-MW calibration targets.
2026-06-23 15:00:00,France,Paris,48.8566,2.3522,2100000,34.8111,1.8604,711.857778,0,37.558897,,,,,,not_provided_use_explicit_taivas_assumption,Not available in current RTE/ERA5 extracts,Paris-scale TAIVAS profile,9115.75,9198,262.5,0,9,279,22,161.75,734.25,471.75,8383,-1.5,91.966449,0,RTE eCO2mix Île-de-France regional observation,ERA5 Paris grid-point hourly observation,matched,usable_with_spatial_scope_warning,"RTE eCO2mix Île-de-France daily real-time exports, consolidated by TAIVAS workflow","ERA5 hourly time-series on single levels, Paris extract",Observed RTE MW values are regional validation references. They must not be treated as Paris-scale TAIVAS input capacities or direct absolute-MW calibration targets.
2026-06-23 16:00:00,France,Paris,48.8566,2.3522,2100000,35.75027,2.98297,628.444444,0,34.170837,,,,,,not_provided_use_explicit_taivas_assumption,Not available in current RTE/ERA5 extracts,Paris-scale TAIVAS profile,8981.75,9038,219.25,0,8.75,261.5,22,162.75,674.25,455,8307,0,92.487525,-0.5,RTE eCO2mix Île-de-France regional observation,ERA5 Paris grid-point hourly observation,matched,usable_with_spatial_scope_warning,"RTE eCO2mix Île-de-France daily real-time exports, consolidated by TAIVAS workflow","ERA5 hourly time-series on single levels, Paris extract",Observed RTE MW values are regional validation references. They must not be treated as Paris-scale TAIVAS input capacities or direct absolute-MW calibration targets.
2026-06-23 17:00:00,France,Paris,48.8566,2.3522,2100000,36.5436,4.18001,661.564444,0,31.741815,,,,,,not_provided_use_explicit_taivas_assumption,Not available in current RTE/ERA5 extracts,Paris-scale TAIVAS profile,9051.75,9133,218,0,8.75,211.75,22,161.5,622,404,8429.5,-0.25,93.124727,-0.5,RTE eCO2mix Île-de-France regional observation,ERA5 Paris grid-point hourly observation,matched,usable_with_spatial_scope_warning,"RTE eCO2mix Île-de-France daily real-time exports, consolidated by TAIVAS workflow","ERA5 hourly time-series on single levels, Paris extract",Observed RTE MW values are regional validation references. They must not be treated as Paris-scale TAIVAS input capacities or direct absolute-MW calibration targets.
2026-06-23 18:00:00,France,Paris,48.8566,2.3522,2100000,36.47982,4.003402,540.604444,0,31.327577,,,,,,not_provided_use_explicit_taivas_assumption,Not available in current RTE/ERA5 extracts,Paris-scale TAIVAS profile,9040.5,9114,243.25,0,11,153.25,22,160.75,590.25,347,8451,-0.75,93.480559,0,RTE eCO2mix Île-de-France regional observation,ERA5 Paris grid-point hourly observation,matched,usable_with_spatial_scope_warning,"RTE eCO2mix Île-de-France daily real-time exports, consolidated by TAIVAS workflow","ERA5 hourly time-series on single levels, Paris extract",Observed RTE MW values are regional validation references. They must not be treated as Paris-scale TAIVAS input capacities or direct absolute-MW calibration targets.
2026-06-23 19:00:00,France,Paris,48.8566,2.3522,2100000,35.93527,3.690069,395.057778,0,32.941908,,,,,,not_provided_use_explicit_taivas_assumption,Not available in current RTE/ERA5 extracts,Paris-scale TAIVAS profile,9021.75,9104,591.25,0,19.5,87.25,22,159,879,287.75,8142.25,0.25,90.242684,-0.25,RTE eCO2mix Île-de-France regional observation,ERA5 Paris grid-point hourly observation,matched,usable_with_spatial_scope_warning,"RTE eCO2mix Île-de-France daily real-time exports, consolidated by TAIVAS workflow","ERA5 hourly time-series on single levels, Paris extract",Observed RTE MW values are regional validation references. They must not be treated as Paris-scale TAIVAS input capacities or direct absolute-MW calibration targets.
2026-06-23 20:00:00,France,Paris,48.8566,2.3522,2100000,34.5852,3.248324,233.297778,0,36.471861,,,,,,not_provided_use_explicit_taivas_assumption,Not available in current RTE/ERA5 extracts,Paris-scale TAIVAS profile,8706.25,8872,857,0,31,35.25,22,157.5,1102.75,245.75,7603,0.25,87.316757,-0.25,RTE eCO2mix Île-de-France regional observation,ERA5 Paris grid-point hourly observation,matched,usable_with_spatial_scope_warning,"RTE eCO2mix Île-de-France daily real-time exports, consolidated by TAIVAS workflow","ERA5 hourly time-series on single levels, Paris extract",Observed RTE MW values are regional validation references. They must not be treated as Paris-scale TAIVAS input capacities or direct absolute-MW calibration targets.
2026-06-23 21:00:00,France,Paris,48.8566,2.3522,2100000,32.76132,3.017107,122.222222,0,38.917898,,,,,,not_provided_use_explicit_taivas_assumption,Not available in current RTE/ERA5 extracts,Paris-scale TAIVAS profile,8242.5,8436,890.5,0,25.75,11.25,22,160.25,1109.75,219.25,7132.75,-0.5,86.526256,-0.5,RTE eCO2mix Île-de-France regional observation,ERA5 Paris grid-point hourly observation,matched,usable_with_spatial_scope_warning,"RTE eCO2mix Île-de-France daily real-time exports, consolidated by TAIVAS workflow","ERA5 hourly time-series on single levels, Paris extract",Observed RTE MW values are regional validation references. They must not be treated as Paris-scale TAIVAS input capacities or direct absolute-MW calibration targets.
2026-06-23 22:00:00,France,Paris,48.8566,2.3522,2100000,30.1183,3.290425,23.982222,0,47.980079,,,,,,not_provided_use_explicit_taivas_assumption,Not available in current RTE/ERA5 extracts,Paris-scale TAIVAS profile,8117.75,8209,933,0,32.25,2.75,22,159.25,1149.25,216.25,6970.5,-1.75,85.867253,0.25,RTE eCO2mix Île-de-France regional observation,ERA5 Paris grid-point hourly observation,matched,usable_with_spatial_scope_warning,"RTE eCO2mix Île-de-France daily real-time exports, consolidated by TAIVAS workflow","ERA5 hourly time-series on single levels, Paris extract",Observed RTE MW values are regional validation references. They must not be treated as Paris-scale TAIVAS input capacities or direct absolute-MW calibration targets.
2026-06-23 23:00:00,France,Paris,48.8566,2.3522,2100000,28.15444,3.270864,0,0,55.111864,,,,,,not_provided_use_explicit_taivas_assumption,Not available in current RTE/ERA5 extracts,Paris-scale TAIVAS profile,7940,8143,852.5,0,39.25,0,22.75,157.25,1071.75,219.25,6869.25,-1.75,86.531501,-0.75,RTE eCO2mix Île-de-France regional observation,ERA5 Paris grid-point hourly observation,matched,usable_with_spatial_scope_warning,"RTE eCO2mix Île-de-France daily real-time exports, consolidated by TAIVAS workflow","ERA5 hourly time-series on single levels, Paris extract",Observed RTE MW values are regional validation references. They must not be treated as Paris-scale TAIVAS input capacities or direct absolute-MW calibration targets.
2026-06-24 00:00:00,France,Paris,48.8566,2.3522,2100000,26.84268,3.405422,0,0,58.298715,,,,,,not_provided_use_explicit_taivas_assumption,Not available in current RTE/ERA5 extracts,Paris-scale TAIVAS profile,7383.25,7575,731,0,50.5,0,25,156.25,962.75,231.75,6422,-1.5,86.968993,0,RTE eCO2mix Île-de-France regional observation,ERA5 Paris grid-point hourly observation,matched,usable_with_spatial_scope_warning,"RTE eCO2mix Île-de-France daily real-time exports, consolidated by TAIVAS workflow","ERA5 hourly time-series on single levels, Paris extract",Observed RTE MW values are regional validation references. They must not be treated as Paris-scale TAIVAS input capacities or direct absolute-MW calibration targets.
2026-06-24 01:00:00,France,Paris,48.8566,2.3522,2100000,25.9813,3.565711,0,0,61.211694,,,,,,not_provided_use_explicit_taivas_assumption,Not available in current RTE/ERA5 extracts,Paris-scale TAIVAS profile,6688,6913,757.75,0,42.75,0,25,156.25,981.75,224,5708,-1,85.334832,0.75,RTE eCO2mix Île-de-France regional observation,ERA5 Paris grid-point hourly observation,matched,usable_with_spatial_scope_warning,"RTE eCO2mix Île-de-France daily real-time exports, consolidated by TAIVAS workflow","ERA5 hourly time-series on single levels, Paris extract",Observed RTE MW values are regional validation references. They must not be treated as Paris-scale TAIVAS input capacities or direct absolute-MW calibration targets.
2026-06-24 02:00:00,France,Paris,48.8566,2.3522,2100000,25.21023,3.31723,0,0,62.965938,,,,,,not_provided_use_explicit_taivas_assumption,Not available in current RTE/ERA5 extracts,Paris-scale TAIVAS profile,6271.25,6405,712.75,0,40.25,0,25,155.75,933.75,221,5339.75,-1.5,85.151421,0.75,RTE eCO2mix Île-de-France regional observation,ERA5 Paris grid-point hourly observation,matched,usable_with_spatial_scope_warning,"RTE eCO2mix Île-de-France daily real-time exports, consolidated by TAIVAS workflow","ERA5 hourly time-series on single levels, Paris extract",Observed RTE MW values are regional validation references. They must not be treated as Paris-scale TAIVAS input capacities or direct absolute-MW calibration targets.
2026-06-24 03:00:00,France,Paris,48.8566,2.3522,2100000,24.4051,2.667277,0,0,65.508432,,,,,,not_provided_use_explicit_taivas_assumption,Not available in current RTE/ERA5 extracts,Paris-scale TAIVAS profile,6018,6177,691,0,36,0,25,157,909,218,5109.5,0,84.900252,0.5,RTE eCO2mix Île-de-France regional observation,ERA5 Paris grid-point hourly observation,matched,usable_with_spatial_scope_warning,"RTE eCO2mix Île-de-France daily real-time exports, consolidated by TAIVAS workflow","ERA5 hourly time-series on single levels, Paris extract",Observed RTE MW values are regional validation references. They must not be treated as Paris-scale TAIVAS input capacities or direct absolute-MW calibration targets.
2026-06-24 04:00:00,France,Paris,48.8566,2.3522,2100000,23.61785,2.127291,0,0,69.389138,,,,,,not_provided_use_explicit_taivas_assumption,Not available in current RTE/ERA5 extracts,Paris-scale TAIVAS profile,5922,5989,443.25,0,32.5,0,25,156,656.75,213.5,5265.75,-0.75,88.916179,-0.25,RTE eCO2mix Île-de-France regional observation,ERA5 Paris grid-point hourly observation,matched,usable_with_spatial_scope_warning,"RTE eCO2mix Île-de-France daily real-time exports, consolidated by TAIVAS workflow","ERA5 hourly time-series on single levels, Paris extract",Observed RTE MW values are regional validation references. They must not be treated as Paris-scale TAIVAS input capacities or direct absolute-MW calibration targets.
2026-06-24 05:00:00,France,Paris,48.8566,2.3522,2100000,23.2298,2.158954,0,0,69.981221,,,,,,not_provided_use_explicit_taivas_assumption,Not available in current RTE/ERA5 extracts,Paris-scale TAIVAS profile,6085.25,6195,420.5,0,31.25,0,25,156.75,633.5,213,5452.5,-0.25,89.600802,0.5,RTE eCO2mix Île-de-France regional observation,ERA5 Paris grid-point hourly observation,matched,usable_with_spatial_scope_warning,"RTE eCO2mix Île-de-France daily real-time exports, consolidated by TAIVAS workflow","ERA5 hourly time-series on single levels, Paris extract",Observed RTE MW values are regional validation references. They must not be treated as Paris-scale TAIVAS input capacities or direct absolute-MW calibration targets.
2026-06-24 06:00:00,France,Paris,48.8566,2.3522,2100000,22.79635,2.25394,0.177778,0,72.030664,,,,,,not_provided_use_explicit_taivas_assumption,Not available in current RTE/ERA5 extracts,Paris-scale TAIVAS profile,6508.5,6746,413.25,0,26.75,8.75,25,157.25,631,217.75,5878,-0.5,90.30341,0,RTE eCO2mix Île-de-France regional observation,ERA5 Paris grid-point hourly observation,matched,usable_with_spatial_scope_warning,"RTE eCO2mix Île-de-France daily real-time exports, consolidated by TAIVAS workflow","ERA5 hourly time-series on single levels, Paris extract",Observed RTE MW values are regional validation references. They must not be treated as Paris-scale TAIVAS input capacities or direct absolute-MW calibration targets.
2026-06-24 07:00:00,France,Paris,48.8566,2.3522,2100000,23.5437,2.544348,42.915556,0,70.623957,,,,,,not_provided_use_explicit_taivas_assumption,Not available in current RTE/ERA5 extracts,Paris-scale TAIVAS profile,7242,7698,107.75,0,19.25,34.25,25,157.25,343.5,235.75,6898.5,0.75,95.250097,0.75,RTE eCO2mix Île-de-France regional observation,ERA5 Paris grid-point hourly observation,matched,usable_with_spatial_scope_warning,"RTE eCO2mix Île-de-France daily real-time exports, consolidated by TAIVAS workflow","ERA5 hourly time-series on single levels, Paris extract",Observed RTE MW values are regional validation references. They must not be treated as Paris-scale TAIVAS input capacities or direct absolute-MW calibration targets.
2026-06-24 08:00:00,France,Paris,48.8566,2.3522,2100000,26.31033,2.38896,162.168889,0,59.683598,,,,,,not_provided_use_explicit_taivas_assumption,Not available in current RTE/ERA5 extracts,Paris-scale TAIVAS profile,7978,8315,137.75,0,8.75,87,25,155.25,413.75,276,7564.5,-0.5,94.831773,-0.25,RTE eCO2mix Île-de-France regional observation,ERA5 Paris grid-point hourly observation,matched,usable_with_spatial_scope_warning,"RTE eCO2mix Île-de-France daily real-time exports, consolidated by TAIVAS workflow","ERA5 hourly time-series on single levels, Paris extract",Observed RTE MW values are regional validation references. They must not be treated as Paris-scale TAIVAS input capacities or direct absolute-MW calibration targets.
2026-06-24 09:00:00,France,Paris,48.8566,2.3522,2100000,29.1135,2.127228,303.52,0.137806,50.643977,,,,,,not_provided_use_explicit_taivas_assumption,Not available in current RTE/ERA5 extracts,Paris-scale TAIVAS profile,8668.5,8810,176.75,0,5.5,164,25,156.75,528,351.25,8141,-0.25,93.916222,0.25,RTE eCO2mix Île-de-France regional observation,ERA5 Paris grid-point hourly observation,matched,usable_with_spatial_scope_warning,"RTE eCO2mix Île-de-France daily real-time exports, consolidated by TAIVAS workflow","ERA5 hourly time-series on single levels, Paris extract",Observed RTE MW values are regional validation references. They must not be treated as Paris-scale TAIVAS input capacities or direct absolute-MW calibration targets.
2026-06-24 10:00:00,France,Paris,48.8566,2.3522,2100000,31.9529,2.087617,435.431111,0,43.218963,,,,,,not_provided_use_explicit_taivas_assumption,Not available in current RTE/ERA5 extracts,Paris-scale TAIVAS profile,8975.75,9038,56.75,0,5.25,231.75,25,154.5,473.25,416.5,8503.75,-0.5,94.736921,0.75,RTE eCO2mix Île-de-France regional observation,ERA5 Paris grid-point hourly observation,matched,usable_with_spatial_scope_warning,"RTE eCO2mix Île-de-France daily real-time exports, consolidated by TAIVAS workflow","ERA5 hourly time-series on single levels, Paris extract",Observed RTE MW values are regional validation references. They must not be treated as Paris-scale TAIVAS input capacities or direct absolute-MW calibration targets.
2026-06-24 11:00:00,France,Paris,48.8566,2.3522,2100000,34.16995,2.226168,586.862222,0,36.863192,,,,,,not_provided_use_explicit_taivas_assumption,Not available in current RTE/ERA5 extracts,Paris-scale TAIVAS profile,9214,9340,0,0,5,275,25,155,460,460,8755.5,0.25,95.024457,1.75,RTE eCO2mix Île-de-France regional observation,ERA5 Paris grid-point hourly observation,matched,usable_with_spatial_scope_warning,"RTE eCO2mix Île-de-France daily real-time exports, consolidated by TAIVAS workflow","ERA5 hourly time-series on single levels, Paris extract",Observed RTE MW values are regional validation references. They must not be treated as Paris-scale TAIVAS input capacities or direct absolute-MW calibration targets.
2026-06-24 12:00:00,France,Paris,48.8566,2.3522,2100000,35.97686,1.722437,693.155556,0,32.626293,,,,,,not_provided_use_explicit_taivas_assumption,Not available in current RTE/ERA5 extracts,Paris-scale TAIVAS profile,9535,9581,0,0,5,306.25,25,155.5,491.75,491.75,9046,-0.75,94.871705,2,RTE eCO2mix Île-de-France regional observation,ERA5 Paris grid-point hourly observation,matched,usable_with_spatial_scope_warning,"RTE eCO2mix Île-de-France daily real-time exports, consolidated by TAIVAS workflow","ERA5 hourly time-series on single levels, Paris extract",Observed RTE MW values are regional validation references. They must not be treated as Paris-scale TAIVAS input capacities or direct absolute-MW calibration targets.
2026-06-24 13:00:00,France,Paris,48.8566,2.3522,2100000,37.52737,1.730646,825.191111,0,28.065289,,,,,,not_provided_use_explicit_taivas_assumption,Not available in current RTE/ERA5 extracts,Paris-scale TAIVAS profile,9448,9511,0,0,5,318.75,25,155,503.75,503.75,8947.5,-0.5,94.702316,2.75,RTE eCO2mix Île-de-France regional observation,ERA5 Paris grid-point hourly observation,matched,usable_with_spatial_scope_warning,"RTE eCO2mix Île-de-France daily real-time exports, consolidated by TAIVAS workflow","ERA5 hourly time-series on single levels, Paris extract",Observed RTE MW values are regional validation references. They must not be treated as Paris-scale TAIVAS input capacities or direct absolute-MW calibration targets.
2026-06-24 14:00:00,France,Paris,48.8566,2.3522,2100000,38.5652,1.574895,873.724444,0,25.509259,,,,,,not_provided_use_explicit_taivas_assumption,Not available in current RTE/ERA5 extracts,Paris-scale TAIVAS profile,9526,9551,0,0,5,317.5,25,156.75,504.25,504.25,9024,0.25,94.730212,2.5,RTE eCO2mix Île-de-France regional observation,ERA5 Paris grid-point hourly observation,matched,usable_with_spatial_scope_warning,"RTE eCO2mix Île-de-France daily real-time exports, consolidated by TAIVAS workflow","ERA5 hourly time-series on single levels, Paris extract",Observed RTE MW values are regional validation references. They must not be treated as Paris-scale TAIVAS input capacities or direct absolute-MW calibration targets.
2026-06-24 15:00:00,France,Paris,48.8566,2.3522,2100000,39.40493,1.246823,860.48,0,24.491917,,,,,,not_provided_use_explicit_taivas_assumption,Not available in current RTE/ERA5 extracts,Paris-scale TAIVAS profile,9371.25,9413,0,0,5,299.25,25,156,485.25,485.25,8888.5,-0.25,94.848639,2.25,RTE eCO2mix Île-de-France regional observation,ERA5 Paris grid-point hourly observation,matched,usable_with_spatial_scope_warning,"RTE eCO2mix Île-de-France daily real-time exports, consolidated by TAIVAS workflow","ERA5 hourly time-series on single levels, Paris extract",Observed RTE MW values are regional validation references. They must not be treated as Paris-scale TAIVAS input capacities or direct absolute-MW calibration targets.
2026-06-24 16:00:00,France,Paris,48.8566,2.3522,2100000,39.73885,0.894578,750.062222,0,23.936934,,,,,,not_provided_use_explicit_taivas_assumption,Not available in current RTE/ERA5 extracts,Paris-scale TAIVAS profile,9273,9333,0,0,5.25,263,25,158.25,451.5,451.5,8824,-0.25,95.1575,2.25,RTE eCO2mix Île-de-France regional observation,ERA5 Paris grid-point hourly observation,matched,usable_with_spatial_scope_warning,"RTE eCO2mix Île-de-France daily real-time exports, consolidated by TAIVAS workflow","ERA5 hourly time-series on single levels, Paris extract",Observed RTE MW values are regional validation references. They must not be treated as Paris-scale TAIVAS input capacities or direct absolute-MW calibration targets.
2026-06-24 17:00:00,France,Paris,48.8566,2.3522,2100000,40.0214,0.547533,638.311111,0,22.735792,,,,,,not_provided_use_explicit_taivas_assumption,Not available in current RTE/ERA5 extracts,Paris-scale TAIVAS profile,9287.5,9402,0,0,6,218,25,158,407,407,8883.75,-0.25,95.65115,3,RTE eCO2mix Île-de-France regional observation,ERA5 Paris grid-point hourly observation,matched,usable_with_spatial_scope_warning,"RTE eCO2mix Île-de-France daily real-time exports, consolidated by TAIVAS workflow","ERA5 hourly time-series on single levels, Paris extract",Observed RTE MW values are regional validation references. They must not be treated as Paris-scale TAIVAS input capacities or direct absolute-MW calibration targets.
2026-06-24 18:00:00,France,Paris,48.8566,2.3522,2100000,39.85195,0.207866,574.062222,0,22.764811,,,,,,not_provided_use_explicit_taivas_assumption,Not available in current RTE/ERA5 extracts,Paris-scale TAIVAS profile,9247.5,9364,208.5,0,6.25,157.25,25,157,554,345.5,8695.5,-0.75,94.036931,1.25,RTE eCO2mix Île-de-France regional observation,ERA5 Paris grid-point hourly observation,matched,usable_with_spatial_scope_warning,"RTE eCO2mix Île-de-France daily real-time exports, consolidated by TAIVAS workflow","ERA5 hourly time-series on single levels, Paris extract",Observed RTE MW values are regional validation references. They must not be treated as Paris-scale TAIVAS input capacities or direct absolute-MW calibration targets.
2026-06-24 19:00:00,France,Paris,48.8566,2.3522,2100000,39.45278,1.060901,407.946667,0.000477,25.250286,,,,,,not_provided_use_explicit_taivas_assumption,Not available in current RTE/ERA5 extracts,Paris-scale TAIVAS profile,9277.25,9314,835.5,0,7,93.25,25,158.5,1119.25,283.75,8157.5,0.75,87.930116,0.25,RTE eCO2mix Île-de-France regional observation,ERA5 Paris grid-point hourly observation,matched,usable_with_spatial_scope_warning,"RTE eCO2mix Île-de-France daily real-time exports, consolidated by TAIVAS workflow","ERA5 hourly time-series on single levels, Paris extract",Observed RTE MW values are regional validation references. They must not be treated as Paris-scale TAIVAS input capacities or direct absolute-MW calibration targets.
2026-06-24 20:00:00,France,Paris,48.8566,2.3522,2100000,38.1243,1.63783,244.924444,0,32.399758,,,,,,not_provided_use_explicit_taivas_assumption,Not available in current RTE/ERA5 extracts,Paris-scale TAIVAS profile,8979.25,9124,847.75,0,12.75,38,25,157.75,1081.25,233.5,7898.25,0.75,87.959139,1,RTE eCO2mix Île-de-France regional observation,ERA5 Paris grid-point hourly observation,matched,usable_with_spatial_scope_warning,"RTE eCO2mix Île-de-France daily real-time exports, consolidated by TAIVAS workflow","ERA5 hourly time-series on single levels, Paris extract",Observed RTE MW values are regional validation references. They must not be treated as Paris-scale TAIVAS input capacities or direct absolute-MW calibration targets.
2026-06-24 21:00:00,France,Paris,48.8566,2.3522,2100000,35.55554,1.811938,130.524444,0,34.815332,,,,,,not_provided_use_explicit_taivas_assumption,Not available in current RTE/ERA5 extracts,Paris-scale TAIVAS profile,8603.25,8788,865.5,0,25.5,11.5,25,154.75,1082.25,216.75,7522.25,-0.75,87.432121,0.5,RTE eCO2mix Île-de-France regional observation,ERA5 Paris grid-point hourly observation,matched,usable_with_spatial_scope_warning,"RTE eCO2mix Île-de-France daily real-time exports, consolidated by TAIVAS workflow","ERA5 hourly time-series on single levels, Paris extract",Observed RTE MW values are regional validation references. They must not be treated as Paris-scale TAIVAS input capacities or direct absolute-MW calibration targets.
2026-06-24 22:00:00,France,Paris,48.8566,2.3522,2100000,32.89706,2.181513,22.791111,0.069618,38.598222,,,,,,not_provided_use_explicit_taivas_assumption,Not available in current RTE/ERA5 extracts,Paris-scale TAIVAS profile,8486.5,8579,896,0,22.5,3,25,153.25,1099.75,203.75,7388.25,-1,87.058593,0.5,RTE eCO2mix Île-de-France regional observation,ERA5 Paris grid-point hourly observation,matched,usable_with_spatial_scope_warning,"RTE eCO2mix Île-de-France daily real-time exports, consolidated by TAIVAS workflow","ERA5 hourly time-series on single levels, Paris extract",Observed RTE MW values are regional validation references. They must not be treated as Paris-scale TAIVAS input capacities or direct absolute-MW calibration targets.
2026-06-24 23:00:00,France,Paris,48.8566,2.3522,2100000,30.72912,2.271697,0,0,45.064968,,,,,,not_provided_use_explicit_taivas_assumption,Not available in current RTE/ERA5 extracts,Paris-scale TAIVAS profile,8263.75,8505,870.25,0,35,0,25,154.25,1084.5,214.25,7180.25,-1,86.893631,0,RTE eCO2mix Île-de-France regional observation,ERA5 Paris grid-point hourly observation,matched,usable_with_spatial_scope_warning,"RTE eCO2mix Île-de-France daily real-time exports, consolidated by TAIVAS workflow","ERA5 hourly time-series on single levels, Paris extract",Observed RTE MW values are regional validation references. They must not be treated as Paris-scale TAIVAS input capacities or direct absolute-MW calibration targets.
2026-06-25 00:00:00,France,Paris,48.8566,2.3522,2100000,29.73068,2.554913,0,0,44.269733,,,,,,not_provided_use_explicit_taivas_assumption,Not available in current RTE/ERA5 extracts,Paris-scale TAIVAS profile,7627.5,7852,763,0,28.75,0,25,154.25,971,208,6658.25,-1.25,87.282788,0.5,RTE eCO2mix Île-de-France regional observation,ERA5 Paris grid-point hourly observation,matched,usable_with_spatial_scope_warning,"RTE eCO2mix Île-de-France daily real-time exports, consolidated by TAIVAS workflow","ERA5 hourly time-series on single levels, Paris extract",Observed RTE MW values are regional validation references. They must not be treated as Paris-scale TAIVAS input capacities or direct absolute-MW calibration targets.
2026-06-25 01:00:00,France,Paris,48.8566,2.3522,2100000,27.90377,2.80205,0,0,51.12856,,,,,,not_provided_use_explicit_taivas_assumption,Not available in current RTE/ERA5 extracts,Paris-scale TAIVAS profile,6972,7178,768.5,0,31,0,25,154,978.5,210,5995,-1.5,85.980609,0,RTE eCO2mix Île-de-France regional observation,ERA5 Paris grid-point hourly observation,matched,usable_with_spatial_scope_warning,"RTE eCO2mix Île-de-France daily real-time exports, consolidated by TAIVAS workflow","ERA5 hourly time-series on single levels, Paris extract",Observed RTE MW values are regional validation references. They must not be treated as Paris-scale TAIVAS input capacities or direct absolute-MW calibration targets.
2026-06-25 02:00:00,France,Paris,48.8566,2.3522,2100000,26.87344,2.185178,0,0,56.214386,,,,,,not_provided_use_explicit_taivas_assumption,Not available in current RTE/ERA5 extracts,Paris-scale TAIVAS profile,6652.25,6796,574.75,0,32.25,0,25,152.5,784.5,209.75,5868.5,-1,88.231808,-0.25,RTE eCO2mix Île-de-France regional observation,ERA5 Paris grid-point hourly observation,matched,usable_with_spatial_scope_warning,"RTE eCO2mix Île-de-France daily real-time exports, consolidated by TAIVAS workflow","ERA5 hourly time-series on single levels, Paris extract",Observed RTE MW values are regional validation references. They must not be treated as Paris-scale TAIVAS input capacities or direct absolute-MW calibration targets.
2026-06-25 03:00:00,France,Paris,48.8566,2.3522,2100000,26.11172,2.07078,0,0,61.441175,,,,,,not_provided_use_explicit_taivas_assumption,Not available in current RTE/ERA5 extracts,Paris-scale TAIVAS profile,6315.5,6352,459.75,0,25.75,0,25,152.25,662.75,203,5652.75,-0.5,89.505471,-0.5,RTE eCO2mix Île-de-France regional observation,ERA5 Paris grid-point hourly observation,matched,usable_with_spatial_scope_warning,"RTE eCO2mix Île-de-France daily real-time exports, consolidated by TAIVAS workflow","ERA5 hourly time-series on single levels, Paris extract",Observed RTE MW values are regional validation references. They must not be treated as Paris-scale TAIVAS input capacities or direct absolute-MW calibration targets.
2026-06-25 04:00:00,France,Paris,48.8566,2.3522,2100000,25.19015,2.702409,0,0,67.124164,,,,,,not_provided_use_explicit_taivas_assumption,Not available in current RTE/ERA5 extracts,Paris-scale TAIVAS profile,6222,6280,458.25,0,21.5,0,25,152.75,657.5,199.25,5566,-1.25,89.45615,0.25,RTE eCO2mix Île-de-France regional observation,ERA5 Paris grid-point hourly observation,matched,usable_with_spatial_scope_warning,"RTE eCO2mix Île-de-France daily real-time exports, consolidated by TAIVAS workflow","ERA5 hourly time-series on single levels, Paris extract",Observed RTE MW values are regional validation references. They must not be treated as Paris-scale TAIVAS input capacities or direct absolute-MW calibration targets.
2026-06-25 05:00:00,France,Paris,48.8566,2.3522,2100000,24.40487,2.80352,0,0,71.510887,,,,,,not_provided_use_explicit_taivas_assumption,Not available in current RTE/ERA5 extracts,Paris-scale TAIVAS profile,6386.75,6476,464,0,19.75,0,25,153.25,662,198,5725.25,0,89.64154,0.5,RTE eCO2mix Île-de-France regional observation,ERA5 Paris grid-point hourly observation,matched,usable_with_spatial_scope_warning,"RTE eCO2mix Île-de-France daily real-time exports, consolidated by TAIVAS workflow","ERA5 hourly time-series on single levels, Paris extract",Observed RTE MW values are regional validation references. They must not be treated as Paris-scale TAIVAS input capacities or direct absolute-MW calibration targets.
2026-06-25 06:00:00,France,Paris,48.8566,2.3522,2100000,23.7373,2.582283,0.142222,0,75.241613,,,,,,not_provided_use_explicit_taivas_assumption,Not available in current RTE/ERA5 extracts,Paris-scale TAIVAS profile,6785.5,7044,466.5,0,17.25,9.75,25,154.25,672.75,206.25,6113,0,90.079153,0.25,RTE eCO2mix Île-de-France regional observation,ERA5 Paris grid-point hourly observation,matched,usable_with_spatial_scope_warning,"RTE eCO2mix Île-de-France daily real-time exports, consolidated by TAIVAS workflow","ERA5 hourly time-series on single levels, Paris extract",Observed RTE MW values are regional validation references. They must not be treated as Paris-scale TAIVAS input capacities or direct absolute-MW calibration targets.
2026-06-25 07:00:00,France,Paris,48.8566,2.3522,2100000,24.60003,2.615044,42.4,0,73.750588,,,,,,not_provided_use_explicit_taivas_assumption,Not available in current RTE/ERA5 extracts,Paris-scale TAIVAS profile,7519,7763,463,0,18,37.25,25,153.75,697,234,6822.25,-0.5,90.730668,-0.25,RTE eCO2mix Île-de-France regional observation,ERA5 Paris grid-point hourly observation,matched,usable_with_spatial_scope_warning,"RTE eCO2mix Île-de-France daily real-time exports, consolidated by TAIVAS workflow","ERA5 hourly time-series on single levels, Paris extract",Observed RTE MW values are regional validation references. They must not be treated as Paris-scale TAIVAS input capacities or direct absolute-MW calibration targets.
2026-06-25 08:00:00,France,Paris,48.8566,2.3522,2100000,27.37258,2.717831,162.044444,0,62.663368,,,,,,not_provided_use_explicit_taivas_assumption,Not available in current RTE/ERA5 extracts,Paris-scale TAIVAS profile,8294.75,8478,454.75,0,15.25,88,25,152.5,735.5,280.75,7560.5,-1,91.14813,0.25,RTE eCO2mix Île-de-France regional observation,ERA5 Paris grid-point hourly observation,matched,usable_with_spatial_scope_warning,"RTE eCO2mix Île-de-France daily real-time exports, consolidated by TAIVAS workflow","ERA5 hourly time-series on single levels, Paris extract",Observed RTE MW values are regional validation references. They must not be treated as Paris-scale TAIVAS input capacities or direct absolute-MW calibration targets.
2026-06-25 09:00:00,France,Paris,48.8566,2.3522,2100000,30.14468,2.88073,313.084444,0,50.329961,,,,,,not_provided_use_explicit_taivas_assumption,Not available in current RTE/ERA5 extracts,Paris-scale TAIVAS profile,8867.5,9028,361.75,0,9.25,151.5,25,155.5,703,341.25,8164.75,0.25,92.074845,0.5,RTE eCO2mix Île-de-France regional observation,ERA5 Paris grid-point hourly observation,matched,usable_with_spatial_scope_warning,"RTE eCO2mix Île-de-France daily real-time exports, consolidated by TAIVAS workflow","ERA5 hourly time-series on single levels, Paris extract",Observed RTE MW values are regional validation references. They must not be treated as Paris-scale TAIVAS input capacities or direct absolute-MW calibration targets.
2026-06-25 10:00:00,France,Paris,48.8566,2.3522,2100000,32.9973,3.052163,472.551111,0,42.002544,,,,,,not_provided_use_explicit_taivas_assumption,Not available in current RTE/ERA5 extracts,Paris-scale TAIVAS profile,9262.5,9424,87.25,0,10,220.75,25,152,495,407.75,8769.75,-1,94.676426,1.25,RTE eCO2mix Île-de-France regional observation,ERA5 Paris grid-point hourly observation,matched,usable_with_spatial_scope_warning,"RTE eCO2mix Île-de-France daily real-time exports, consolidated by TAIVAS workflow","ERA5 hourly time-series on single levels, Paris extract",Observed RTE MW values are regional validation references. They must not be treated as Paris-scale TAIVAS input capacities or direct absolute-MW calibration targets.
2026-06-25 11:00:00,France,Paris,48.8566,2.3522,2100000,35.24853,3.319259,612.622222,0,35.211158,,,,,,not_provided_use_explicit_taivas_assumption,Not available in current RTE/ERA5 extracts,Paris-scale TAIVAS profile,9385.5,9454,0,0,19.25,270,25,155,469.25,469.25,8919,-1,95.029956,1.75,RTE eCO2mix Île-de-France regional observation,ERA5 Paris grid-point hourly observation,matched,usable_with_spatial_scope_warning,"RTE eCO2mix Île-de-France daily real-time exports, consolidated by TAIVAS workflow","ERA5 hourly time-series on single levels, Paris extract",Observed RTE MW values are regional validation references. They must not be treated as Paris-scale TAIVAS input capacities or direct absolute-MW calibration targets.
2026-06-25 12:00:00,France,Paris,48.8566,2.3522,2100000,36.7281,3.799383,736.337778,0,29.563272,,,,,,not_provided_use_explicit_taivas_assumption,Not available in current RTE/ERA5 extracts,Paris-scale TAIVAS profile,9590.25,9618,0,0,28.25,299.75,25,154,507,507,9086.25,-0.75,94.744515,2.25,RTE eCO2mix Île-de-France regional observation,ERA5 Paris grid-point hourly observation,matched,usable_with_spatial_scope_warning,"RTE eCO2mix Île-de-France daily real-time exports, consolidated by TAIVAS workflow","ERA5 hourly time-series on single levels, Paris extract",Observed RTE MW values are regional validation references. They must not be treated as Paris-scale TAIVAS input capacities or direct absolute-MW calibration targets.
2026-06-25 13:00:00,France,Paris,48.8566,2.3522,2100000,37.6691,4.728943,817.955556,0,26.293972,,,,,,not_provided_use_explicit_taivas_assumption,Not available in current RTE/ERA5 extracts,Paris-scale TAIVAS profile,9550.75,9605,0,0,30.5,310.5,25,153,519,519,9034.75,-0.75,94.596824,2.25,RTE eCO2mix Île-de-France regional observation,ERA5 Paris grid-point hourly observation,matched,usable_with_spatial_scope_warning,"RTE eCO2mix Île-de-France daily real-time exports, consolidated by TAIVAS workflow","ERA5 hourly time-series on single levels, Paris extract",Observed RTE MW values are regional validation references. They must not be treated as Paris-scale TAIVAS input capacities or direct absolute-MW calibration targets.
2026-06-25 14:00:00,France,Paris,48.8566,2.3522,2100000,38.59677,5.111214,857.795556,0,24.328709,,,,,,not_provided_use_explicit_taivas_assumption,Not available in current RTE/ERA5 extracts,Paris-scale TAIVAS profile,9571.75,9700,0,0,30,307.75,25,151.5,514.25,514.25,9061,-1,94.66356,2.5,RTE eCO2mix Île-de-France regional observation,ERA5 Paris grid-point hourly observation,matched,usable_with_spatial_scope_warning,"RTE eCO2mix Île-de-France daily real-time exports, consolidated by TAIVAS workflow","ERA5 hourly time-series on single levels, Paris extract",Observed RTE MW values are regional validation references. They must not be treated as Paris-scale TAIVAS input capacities or direct absolute-MW calibration targets.
2026-06-25 15:00:00,France,Paris,48.8566,2.3522,2100000,39.05578,5.007947,822.577778,0,22.434856,,,,,,not_provided_use_explicit_taivas_assumption,Not available in current RTE/ERA5 extracts,Paris-scale TAIVAS profile,9428.75,9445,0,0,32.5,278.25,25,153.25,489,489,8941.5,-0.5,94.832265,1.25,RTE eCO2mix Île-de-France regional observation,ERA5 Paris grid-point hourly observation,matched,usable_with_spatial_scope_warning,"RTE eCO2mix Île-de-France daily real-time exports, consolidated by TAIVAS workflow","ERA5 hourly time-series on single levels, Paris extract",Observed RTE MW values are regional validation references. They must not be treated as Paris-scale TAIVAS input capacities or direct absolute-MW calibration targets.
2026-06-25 16:00:00,France,Paris,48.8566,2.3522,2100000,39.19253,4.84056,697.102222,0,21.957314,,,,,,not_provided_use_explicit_taivas_assumption,Not available in current RTE/ERA5 extracts,Paris-scale TAIVAS profile,9320.75,9365,0,0,35,256.75,25,153.25,470,470,8851.5,1,94.964831,1.75,RTE eCO2mix Île-de-France regional observation,ERA5 Paris grid-point hourly observation,matched,usable_with_spatial_scope_warning,"RTE eCO2mix Île-de-France daily real-time exports, consolidated by TAIVAS workflow","ERA5 hourly time-series on single levels, Paris extract",Observed RTE MW values are regional validation references. They must not be treated as Paris-scale TAIVAS input capacities or direct absolute-MW calibration targets.
2026-06-25 17:00:00,France,Paris,48.8566,2.3522,2100000,39.28036,4.770999,655.502222,0,21.573957,,,,,,not_provided_use_explicit_taivas_assumption,Not available in current RTE/ERA5 extracts,Paris-scale TAIVAS profile,9335.5,9393,0,0,30,221,25,152.25,428.25,428.25,8908.5,0.25,95.425561,1.5,RTE eCO2mix Île-de-France regional observation,ERA5 Paris grid-point hourly observation,matched,usable_with_spatial_scope_warning,"RTE eCO2mix Île-de-France daily real-time exports, consolidated by TAIVAS workflow","ERA5 hourly time-series on single levels, Paris extract",Observed RTE MW values are regional validation references. They must not be treated as Paris-scale TAIVAS input capacities or direct absolute-MW calibration targets.
2026-06-25 18:00:00,France,Paris,48.8566,2.3522,2100000,38.94283,4.621145,530.026667,0,22.28953,,,,,,not_provided_use_explicit_taivas_assumption,Not available in current RTE/ERA5 extracts,Paris-scale TAIVAS profile,9347.25,9381,0,0,26,165,25,153,369,369,8979.5,0,96.065252,1.25,RTE eCO2mix Île-de-France regional observation,ERA5 Paris grid-point hourly observation,matched,usable_with_spatial_scope_warning,"RTE eCO2mix Île-de-France daily real-time exports, consolidated by TAIVAS workflow","ERA5 hourly time-series on single levels, Paris extract",Observed RTE MW values are regional validation references. They must not be treated as Paris-scale TAIVAS input capacities or direct absolute-MW calibration targets.
2026-06-25 19:00:00,France,Paris,48.8566,2.3522,2100000,38.67623,4.126613,415.36,0,21.002539,,,,,,not_provided_use_explicit_taivas_assumption,Not available in current RTE/ERA5 extracts,Paris-scale TAIVAS profile,9264.25,9318,0,0,21.5,98.25,25,154,298.75,298.75,8966.75,0.75,96.788598,2,RTE eCO2mix Île-de-France regional observation,ERA5 Paris grid-point hourly observation,matched,usable_with_spatial_scope_warning,"RTE eCO2mix Île-de-France daily real-time exports, consolidated by TAIVAS workflow","ERA5 hourly time-series on single levels, Paris extract",Observed RTE MW values are regional validation references. They must not be treated as Paris-scale TAIVAS input capacities or direct absolute-MW calibration targets.
2026-06-25 20:00:00,France,Paris,48.8566,2.3522,2100000,37.21078,4.134097,156.142222,0,26.011095,,,,,,not_provided_use_explicit_taivas_assumption,Not available in current RTE/ERA5 extracts,Paris-scale TAIVAS profile,8945.5,9199,219,0,22.25,39.75,25,154,460,241,8486.25,-0.25,94.838538,0.5,RTE eCO2mix Île-de-France regional observation,ERA5 Paris grid-point hourly observation,matched,usable_with_spatial_scope_warning,"RTE eCO2mix Île-de-France daily real-time exports, consolidated by TAIVAS workflow","ERA5 hourly time-series on single levels, Paris extract",Observed RTE MW values are regional validation references. They must not be treated as Paris-scale TAIVAS input capacities or direct absolute-MW calibration targets.
2026-06-25 21:00:00,France,Paris,48.8566,2.3522,2100000,35.27395,2.978583,96.302222,0,30.960011,,,,,,not_provided_use_explicit_taivas_assumption,Not available in current RTE/ERA5 extracts,Paris-scale TAIVAS profile,8615.75,8809,438,0,25.5,10.75,25,152.25,651.5,213.5,7965,-0.5,92.446421,0.25,RTE eCO2mix Île-de-France regional observation,ERA5 Paris grid-point hourly observation,matched,usable_with_spatial_scope_warning,"RTE eCO2mix Île-de-France daily real-time exports, consolidated by TAIVAS workflow","ERA5 hourly time-series on single levels, Paris extract",Observed RTE MW values are regional validation references. They must not be treated as Paris-scale TAIVAS input capacities or direct absolute-MW calibration targets.
2026-06-25 22:00:00,France,Paris,48.8566,2.3522,2100000,32.34307,2.718756,18.773333,0,37.592868,,,,,,not_provided_use_explicit_taivas_assumption,Not available in current RTE/ERA5 extracts,Paris-scale TAIVAS profile,8453.75,8574,446.25,0,26.5,2.75,25,152.75,653.25,207,7801.75,-0.75,92.286651,0.5,RTE eCO2mix Île-de-France regional observation,ERA5 Paris grid-point hourly observation,matched,usable_with_spatial_scope_warning,"RTE eCO2mix Île-de-France daily real-time exports, consolidated by TAIVAS workflow","ERA5 hourly time-series on single levels, Paris extract",Observed RTE MW values are regional validation references. They must not be treated as Paris-scale TAIVAS input capacities or direct absolute-MW calibration targets.
2026-06-25 23:00:00,France,Paris,48.8566,2.3522,2100000,30.15206,2.874183,0,0,43.622014,,,,,,not_provided_use_explicit_taivas_assumption,Not available in current RTE/ERA5 extracts,Paris-scale TAIVAS profile,8235.5,8528,339.5,0,36.25,0,25,151.5,552.25,212.75,7683.5,-0.25,93.319964,0,RTE eCO2mix Île-de-France regional observation,ERA5 Paris grid-point hourly observation,matched,usable_with_spatial_scope_warning,"RTE eCO2mix Île-de-France daily real-time exports, consolidated by TAIVAS workflow","ERA5 hourly time-series on single levels, Paris extract",Observed RTE MW values are regional validation references. They must not be treated as Paris-scale TAIVAS input capacities or direct absolute-MW calibration targets.
2026-06-26 00:00:00,France,Paris,48.8566,2.3522,2100000,28.5321,2.424101,0,0,46.932969,,,,,,not_provided_use_explicit_taivas_assumption,Not available in current RTE/ERA5 extracts,Paris-scale TAIVAS profile,7629.5,7923,0,0,47,0,25,152.25,224.25,224.25,7407.25,-0.25,97.084481,1.75,RTE eCO2mix Île-de-France regional observation,ERA5 Paris grid-point hourly observation,matched,usable_with_spatial_scope_warning,"RTE eCO2mix Île-de-France daily real-time exports, consolidated by TAIVAS workflow","ERA5 hourly time-series on single levels, Paris extract",Observed RTE MW values are regional validation references. They must not be treated as Paris-scale TAIVAS input capacities or direct absolute-MW calibration targets.
2026-06-26 01:00:00,France,Paris,48.8566,2.3522,2100000,27.1533,2.518363,0,0,52.364524,,,,,,not_provided_use_explicit_taivas_assumption,Not available in current RTE/ERA5 extracts,Paris-scale TAIVAS profile,6987.75,7234,0,0,48.5,0,25,152,225.5,225.5,6764.25,-0.5,96.800251,1.5,RTE eCO2mix Île-de-France regional observation,ERA5 Paris grid-point hourly observation,matched,usable_with_spatial_scope_warning,"RTE eCO2mix Île-de-France daily real-time exports, consolidated by TAIVAS workflow","ERA5 hourly time-series on single levels, Paris extract",Observed RTE MW values are regional validation references. They must not be treated as Paris-scale TAIVAS input capacities or direct absolute-MW calibration targets.
2026-06-26 02:00:00,France,Paris,48.8566,2.3522,2100000,26.13503,2.376429,0,0,56.187322,,,,,,not_provided_use_explicit_taivas_assumption,Not available in current RTE/ERA5 extracts,Paris-scale TAIVAS profile,6594,6703,93.5,0,24.75,0,25,152,295.25,201.75,6300.5,-0.5,95.532655,1.25,RTE eCO2mix Île-de-France regional observation,ERA5 Paris grid-point hourly observation,matched,usable_with_spatial_scope_warning,"RTE eCO2mix Île-de-France daily real-time exports, consolidated by TAIVAS workflow","ERA5 hourly time-series on single levels, Paris extract",Observed RTE MW values are regional validation references. They must not be treated as Paris-scale TAIVAS input capacities or direct absolute-MW calibration targets.
2026-06-26 03:00:00,France,Paris,48.8566,2.3522,2100000,25.09017,2.237427,0,0,59.560097,,,,,,not_provided_use_explicit_taivas_assumption,Not available in current RTE/ERA5 extracts,Paris-scale TAIVAS profile,6364.25,6452,312.25,0,10.5,0,25,152.25,500,187.75,5864,-0.5,92.138938,-0.75,RTE eCO2mix Île-de-France regional observation,ERA5 Paris grid-point hourly observation,matched,usable_with_spatial_scope_warning,"RTE eCO2mix Île-de-France daily real-time exports, consolidated by TAIVAS workflow","ERA5 hourly time-series on single levels, Paris extract",Observed RTE MW values are regional validation references. They must not be treated as Paris-scale TAIVAS input capacities or direct absolute-MW calibration targets.
2026-06-26 04:00:00,France,Paris,48.8566,2.3522,2100000,24.29482,1.841417,0,0,63.226063,,,,,,not_provided_use_explicit_taivas_assumption,Not available in current RTE/ERA5 extracts,Paris-scale TAIVAS profile,6228.25,6312,274.25,0,8,0,25,152.5,459.75,185.5,5769.5,-0.5,92.636012,0.5,RTE eCO2mix Île-de-France regional observation,ERA5 Paris grid-point hourly observation,matched,usable_with_spatial_scope_warning,"RTE eCO2mix Île-de-France daily real-time exports, consolidated by TAIVAS workflow","ERA5 hourly time-series on single levels, Paris extract",Observed RTE MW values are regional validation references. They must not be treated as Paris-scale TAIVAS input capacities or direct absolute-MW calibration targets.
2026-06-26 05:00:00,France,Paris,48.8566,2.3522,2100000,23.58743,1.737516,0,0,66.072608,,,,,,not_provided_use_explicit_taivas_assumption,Not available in current RTE/ERA5 extracts,Paris-scale TAIVAS profile,6339.25,6438,206.75,0,7.25,0,25,152,391,184.25,5948.25,0,93.831063,0,RTE eCO2mix Île-de-France regional observation,ERA5 Paris grid-point hourly observation,matched,usable_with_spatial_scope_warning,"RTE eCO2mix Île-de-France daily real-time exports, consolidated by TAIVAS workflow","ERA5 hourly time-series on single levels, Paris extract",Observed RTE MW values are regional validation references. They must not be treated as Paris-scale TAIVAS input capacities or direct absolute-MW calibration targets.
2026-06-26 06:00:00,France,Paris,48.8566,2.3522,2100000,23.39285,1.524862,0.124444,0,67.103987,,,,,,not_provided_use_explicit_taivas_assumption,Not available in current RTE/ERA5 extracts,Paris-scale TAIVAS profile,6743,6971,206.75,0,7.5,10.5,25,152.75,402.5,195.75,6341.25,-0.25,94.038784,0.5,RTE eCO2mix Île-de-France regional observation,ERA5 Paris grid-point hourly observation,matched,usable_with_spatial_scope_warning,"RTE eCO2mix Île-de-France daily real-time exports, consolidated by TAIVAS workflow","ERA5 hourly time-series on single levels, Paris extract",Observed RTE MW values are regional validation references. They must not be treated as Paris-scale TAIVAS input capacities or direct absolute-MW calibration targets.
2026-06-26 07:00:00,France,Paris,48.8566,2.3522,2100000,24.92196,1.704351,39.217778,0,64.719808,,,,,,not_provided_use_explicit_taivas_assumption,Not available in current RTE/ERA5 extracts,Paris-scale TAIVAS profile,7455.75,7679,206.5,0,66,40.75,25,152.5,490.75,284.25,6965.5,0,93.425213,0.5,RTE eCO2mix Île-de-France regional observation,ERA5 Paris grid-point hourly observation,matched,usable_with_spatial_scope_warning,"RTE eCO2mix Île-de-France daily real-time exports, consolidated by TAIVAS workflow","ERA5 hourly time-series on single levels, Paris extract",Observed RTE MW values are regional validation references. They must not be treated as Paris-scale TAIVAS input capacities or direct absolute-MW calibration targets.
2026-06-26 08:00:00,France,Paris,48.8566,2.3522,2100000,25.81216,2.513213,164.177778,0,58.185948,,,,,,not_provided_use_explicit_taivas_assumption,Not available in current RTE/ERA5 extracts,Paris-scale TAIVAS profile,8131.75,8356,52,0,43,81.5,25,152.5,354,302,7780,-0.5,95.657977,1.75,RTE eCO2mix Île-de-France regional observation,ERA5 Paris grid-point hourly observation,matched,usable_with_spatial_scope_warning,"RTE eCO2mix Île-de-France daily real-time exports, consolidated by TAIVAS workflow","ERA5 hourly time-series on single levels, Paris extract",Observed RTE MW values are regional validation references. They must not be treated as Paris-scale TAIVAS input capacities or direct absolute-MW calibration targets.
2026-06-26 09:00:00,France,Paris,48.8566,2.3522,2100000,27.88326,3.372595,313.973333,0,51.731481,,,,,,not_provided_use_explicit_taivas_assumption,Not available in current RTE/ERA5 extracts,Paris-scale TAIVAS profile,8638.5,8773,0,0,22,150.5,25,151.25,348.75,348.75,8292.75,-0.75,95.999245,2.25,RTE eCO2mix Île-de-France regional observation,ERA5 Paris grid-point hourly observation,matched,usable_with_spatial_scope_warning,"RTE eCO2mix Île-de-France daily real-time exports, consolidated by TAIVAS workflow","ERA5 hourly time-series on single levels, Paris extract",Observed RTE MW values are regional validation references. They must not be treated as Paris-scale TAIVAS input capacities or direct absolute-MW calibration targets.
2026-06-26 10:00:00,France,Paris,48.8566,2.3522,2100000,30.85235,4.064662,473.635556,0,42.985647,,,,,,not_provided_use_explicit_taivas_assumption,Not available in current RTE/ERA5 extracts,Paris-scale TAIVAS profile,9028.25,9134,0,0,16.5,200.5,25,150.75,392.75,392.75,8638,-0.5,95.678321,2,RTE eCO2mix Île-de-France regional observation,ERA5 Paris grid-point hourly observation,matched,usable_with_spatial_scope_warning,"RTE eCO2mix Île-de-France daily real-time exports, consolidated by TAIVAS workflow","ERA5 hourly time-series on single levels, Paris extract",Observed RTE MW values are regional validation references. They must not be treated as Paris-scale TAIVAS input capacities or direct absolute-MW calibration targets.
2026-06-26 11:00:00,France,Paris,48.8566,2.3522,2100000,33.12097,4.093756,625.813333,0,37.462007,,,,,,not_provided_use_explicit_taivas_assumption,Not available in current RTE/ERA5 extracts,Paris-scale TAIVAS profile,9302.75,9394,0,0,23,240,25,149,437,437,8867,0,95.316397,1.25,RTE eCO2mix Île-de-France regional observation,ERA5 Paris grid-point hourly observation,matched,usable_with_spatial_scope_warning,"RTE eCO2mix Île-de-France daily real-time exports, consolidated by TAIVAS workflow","ERA5 hourly time-series on single levels, Paris extract",Observed RTE MW values are regional validation references. They must not be treated as Paris-scale TAIVAS input capacities or direct absolute-MW calibration targets.
2026-06-26 12:00:00,France,Paris,48.8566,2.3522,2100000,34.56164,3.732963,735.626667,0,35.342376,,,,,,not_provided_use_explicit_taivas_assumption,Not available in current RTE/ERA5 extracts,Paris-scale TAIVAS profile,9480.75,9517,0,0,16.5,261.75,25,147,450.25,450.25,9032.25,-0.75,95.26922,1,RTE eCO2mix Île-de-France regional observation,ERA5 Paris grid-point hourly observation,matched,usable_with_spatial_scope_warning,"RTE eCO2mix Île-de-France daily real-time exports, consolidated by TAIVAS workflow","ERA5 hourly time-series on single levels, Paris extract",Observed RTE MW values are regional validation references. They must not be treated as Paris-scale TAIVAS input capacities or direct absolute-MW calibration targets.
2026-06-26 13:00:00,France,Paris,48.8566,2.3522,2100000,34.78066,3.777302,743.111111,0,34.701308,,,,,,not_provided_use_explicit_taivas_assumption,Not available in current RTE/ERA5 extracts,Paris-scale TAIVAS profile,9428.5,9500,0,0,13.25,252.5,25,148.5,439.25,439.25,8992,-0.75,95.37139,2,RTE eCO2mix Île-de-France regional observation,ERA5 Paris grid-point hourly observation,matched,usable_with_spatial_scope_warning,"RTE eCO2mix Île-de-France daily real-time exports, consolidated by TAIVAS workflow","ERA5 hourly time-series on single levels, Paris extract",Observed RTE MW values are regional validation references. They must not be treated as Paris-scale TAIVAS input capacities or direct absolute-MW calibration targets.
2026-06-26 14:00:00,France,Paris,48.8566,2.3522,2100000,34.50076,3.591445,797.724444,0,34.160435,,,,,,not_provided_use_explicit_taivas_assumption,Not available in current RTE/ERA5 extracts,Paris-scale TAIVAS profile,9427.5,9469,0,0,45.5,226.5,25,147.5,444.5,444.5,8984.5,0,95.301471,1.5,RTE eCO2mix Île-de-France regional observation,ERA5 Paris grid-point hourly observation,matched,usable_with_spatial_scope_warning,"RTE eCO2mix Île-de-France daily real-time exports, consolidated by TAIVAS workflow","ERA5 hourly time-series on single levels, Paris extract",Observed RTE MW values are regional validation references. They must not be treated as Paris-scale TAIVAS input capacities or direct absolute-MW calibration targets.
2026-06-26 15:00:00,France,Paris,48.8566,2.3522,2100000,34.56033,2.722626,849.351111,0.000477,34.059628,,,,,,not_provided_use_explicit_taivas_assumption,Not available in current RTE/ERA5 extracts,Paris-scale TAIVAS profile,9241.25,9365,0,0,24,227.5,25,143,419.5,419.5,8824,-0.25,95.483518,2,RTE eCO2mix Île-de-France regional observation,ERA5 Paris grid-point hourly observation,matched,usable_with_spatial_scope_warning,"RTE eCO2mix Île-de-France daily real-time exports, consolidated by TAIVAS workflow","ERA5 hourly time-series on single levels, Paris extract",Observed RTE MW values are regional validation references. They must not be treated as Paris-scale TAIVAS input capacities or direct absolute-MW calibration targets.
2026-06-26 16:00:00,France,Paris,48.8566,2.3522,2100000,35.03726,3.70486,773.084444,0.061512,32.971541,,,,,,not_provided_use_explicit_taivas_assumption,Not available in current RTE/ERA5 extracts,Paris-scale TAIVAS profile,9202,9240,0,0,14.5,222.5,25,141.75,403.75,403.75,8799.5,0.25,95.625848,1.5,RTE eCO2mix Île-de-France regional observation,ERA5 Paris grid-point hourly observation,matched,usable_with_spatial_scope_warning,"RTE eCO2mix Île-de-France daily real-time exports, consolidated by TAIVAS workflow","ERA5 hourly time-series on single levels, Paris extract",Observed RTE MW values are regional validation references. They must not be treated as Paris-scale TAIVAS input capacities or direct absolute-MW calibration targets.
2026-06-26 17:00:00,France,Paris,48.8566,2.3522,2100000,35.91836,4.267768,676.604444,0.050545,31.742416,,,,,,not_provided_use_explicit_taivas_assumption,Not available in current RTE/ERA5 extracts,Paris-scale TAIVAS profile,9172,9253,0,0,8.25,202.25,25,152,387.5,387.5,8786.25,-0.25,95.793999,1.5,RTE eCO2mix Île-de-France regional observation,ERA5 Paris grid-point hourly observation,matched,usable_with_spatial_scope_warning,"RTE eCO2mix Île-de-France daily real-time exports, consolidated by TAIVAS workflow","ERA5 hourly time-series on single levels, Paris extract",Observed RTE MW values are regional validation references. They must not be treated as Paris-scale TAIVAS input capacities or direct absolute-MW calibration targets.
2026-06-26 18:00:00,France,Paris,48.8566,2.3522,2100000,35.55697,4.194403,532.284444,0.429153,32.584743,,,,,,not_provided_use_explicit_taivas_assumption,Not available in current RTE/ERA5 extracts,Paris-scale TAIVAS profile,9210,9267,84.75,0,11,164.25,25,157,442,357.25,8770.5,-0.5,95.226147,2,RTE eCO2mix Île-de-France regional observation,ERA5 Paris grid-point hourly observation,matched,usable_with_spatial_scope_warning,"RTE eCO2mix Île-de-France daily real-time exports, consolidated by TAIVAS workflow","ERA5 hourly time-series on single levels, Paris extract",Observed RTE MW values are regional validation references. They must not be treated as Paris-scale TAIVAS input capacities or direct absolute-MW calibration targets.
2026-06-26 19:00:00,France,Paris,48.8566,2.3522,2100000,35.49154,3.700406,404.728889,0.002384,32.704737,,,,,,not_provided_use_explicit_taivas_assumption,Not available in current RTE/ERA5 extracts,Paris-scale TAIVAS profile,9052.25,9102,260.25,0,10.5,101.25,25,149.25,546.25,286,8506.75,0,93.973864,0.75,RTE eCO2mix Île-de-France regional observation,ERA5 Paris grid-point hourly observation,matched,usable_with_spatial_scope_warning,"RTE eCO2mix Île-de-France daily real-time exports, consolidated by TAIVAS workflow","ERA5 hourly time-series on single levels, Paris extract",Observed RTE MW values are regional validation references. They must not be treated as Paris-scale TAIVAS input capacities or direct absolute-MW calibration targets.
2026-06-26 20:00:00,France,Paris,48.8566,2.3522,2100000,34.1653,3.796516,233.262222,0,35.229667,,,,,,not_provided_use_explicit_taivas_assumption,Not available in current RTE/ERA5 extracts,Paris-scale TAIVAS profile,8647.5,8752,432,0,12.5,41.25,25,148.75,659.5,227.5,7988.25,-0.25,92.371563,0,RTE eCO2mix Île-de-France regional observation,ERA5 Paris grid-point hourly observation,matched,usable_with_spatial_scope_warning,"RTE eCO2mix Île-de-France daily real-time exports, consolidated by TAIVAS workflow","ERA5 hourly time-series on single levels, Paris extract",Observed RTE MW values are regional validation references. They must not be treated as Paris-scale TAIVAS input capacities or direct absolute-MW calibration targets.
2026-06-26 21:00:00,France,Paris,48.8566,2.3522,2100000,31.58425,4.248992,131.004444,0,40.105786,,,,,,not_provided_use_explicit_taivas_assumption,Not available in current RTE/ERA5 extracts,Paris-scale TAIVAS profile,8223.25,8395,475,0,21.25,11.25,25,150.25,682.75,207.75,7541.25,-1,91.703983,-0.25,RTE eCO2mix Île-de-France regional observation,ERA5 Paris grid-point hourly observation,matched,usable_with_spatial_scope_warning,"RTE eCO2mix Île-de-France daily real-time exports, consolidated by TAIVAS workflow","ERA5 hourly time-series on single levels, Paris extract",Observed RTE MW values are regional validation references. They must not be treated as Paris-scale TAIVAS input capacities or direct absolute-MW calibration targets.
2026-06-26 22:00:00,France,Paris,48.8566,2.3522,2100000,28.78347,4.518474,24.16,0,46.664365,,,,,,not_provided_use_explicit_taivas_assumption,Not available in current RTE/ERA5 extracts,Paris-scale TAIVAS profile,7975.5,8057,482.75,0,35.75,2.5,25,150.75,696.75,214,7279.75,-1,91.27481,0,RTE eCO2mix Île-de-France regional observation,ERA5 Paris grid-point hourly observation,matched,usable_with_spatial_scope_warning,"RTE eCO2mix Île-de-France daily real-time exports, consolidated by TAIVAS workflow","ERA5 hourly time-series on single levels, Paris extract",Observed RTE MW values are regional validation references. They must not be treated as Paris-scale TAIVAS input capacities or direct absolute-MW calibration targets.
2026-06-26 23:00:00,France,Paris,48.8566,2.3522,2100000,26.88375,4.290325,0,0,53.059281,,,,,,not_provided_use_explicit_taivas_assumption,Not available in current RTE/ERA5 extracts,Paris-scale TAIVAS profile,7704.75,7942,488,0,46,0,25,150.75,709.75,221.75,6995.75,-1,90.791011,-0.25,RTE eCO2mix Île-de-France regional observation,ERA5 Paris grid-point hourly observation,matched,usable_with_spatial_scope_warning,"RTE eCO2mix Île-de-France daily real-time exports, consolidated by TAIVAS workflow","ERA5 hourly time-series on single levels, Paris extract",Observed RTE MW values are regional validation references. They must not be treated as Paris-scale TAIVAS input capacities or direct absolute-MW calibration targets.
2026-06-27 00:00:00,France,Paris,48.8566,2.3522,2100000,25.4328,3.416613,0,0,57.59849,,,,,,not_provided_use_explicit_taivas_assumption,Not available in current RTE/ERA5 extracts,Paris-scale TAIVAS profile,7174.75,7333,135.75,0,52,0,25,151,363.75,228,6813,-1,94.998025,1,RTE eCO2mix Île-de-France regional observation,ERA5 Paris grid-point hourly observation,matched,usable_with_spatial_scope_warning,"RTE eCO2mix Île-de-France daily real-time exports, consolidated by TAIVAS workflow","ERA5 hourly time-series on single levels, Paris extract",Observed RTE MW values are regional validation references. They must not be treated as Paris-scale TAIVAS input capacities or direct absolute-MW calibration targets.
2026-06-27 01:00:00,France,Paris,48.8566,2.3522,2100000,24.1808,4.004051,0,0,60.476158,,,,,,not_provided_use_explicit_taivas_assumption,Not available in current RTE/ERA5 extracts,Paris-scale TAIVAS profile,6572.25,6708,0,0,45.5,0,25,150.75,221.25,221.25,6353,-0.25,96.66325,1.75,RTE eCO2mix Île-de-France regional observation,ERA5 Paris grid-point hourly observation,matched,usable_with_spatial_scope_warning,"RTE eCO2mix Île-de-France daily real-time exports, consolidated by TAIVAS workflow","ERA5 hourly time-series on single levels, Paris extract",Observed RTE MW values are regional validation references. They must not be treated as Paris-scale TAIVAS input capacities or direct absolute-MW calibration targets.
2026-06-27 02:00:00,France,Paris,48.8566,2.3522,2100000,23.02993,4.003625,0,0,62.400689,,,,,,not_provided_use_explicit_taivas_assumption,Not available in current RTE/ERA5 extracts,Paris-scale TAIVAS profile,6164.75,6261,0,0,35.75,0,25,150.75,211.5,211.5,5956,-0.5,96.612618,2.25,RTE eCO2mix Île-de-France regional observation,ERA5 Paris grid-point hourly observation,matched,usable_with_spatial_scope_warning,"RTE eCO2mix Île-de-France daily real-time exports, consolidated by TAIVAS workflow","ERA5 hourly time-series on single levels, Paris extract",Observed RTE MW values are regional validation references. They must not be treated as Paris-scale TAIVAS input capacities or direct absolute-MW calibration targets.
2026-06-27 03:00:00,France,Paris,48.8566,2.3522,2100000,22.2076,3.771773,0,0,64.168439,,,,,,not_provided_use_explicit_taivas_assumption,Not available in current RTE/ERA5 extracts,Paris-scale TAIVAS profile,5915,5965,0,0,31.5,0,25,151.25,207.75,207.75,5709.75,0,96.530097,2.5,RTE eCO2mix Île-de-France regional observation,ERA5 Paris grid-point hourly observation,matched,usable_with_spatial_scope_warning,"RTE eCO2mix Île-de-France daily real-time exports, consolidated by TAIVAS workflow","ERA5 hourly time-series on single levels, Paris extract",Observed RTE MW values are regional validation references. They must not be treated as Paris-scale TAIVAS input capacities or direct absolute-MW calibration targets.
2026-06-27 04:00:00,France,Paris,48.8566,2.3522,2100000,21.56295,3.318683,0,0,65.397802,,,,,,not_provided_use_explicit_taivas_assumption,Not available in current RTE/ERA5 extracts,Paris-scale TAIVAS profile,5769,5866,0,0,30.75,0,25,150.25,206,206,5565.5,-0.25,96.472097,2.25,RTE eCO2mix Île-de-France regional observation,ERA5 Paris grid-point hourly observation,matched,usable_with_spatial_scope_warning,"RTE eCO2mix Île-de-France daily real-time exports, consolidated by TAIVAS workflow","ERA5 hourly time-series on single levels, Paris extract",Observed RTE MW values are regional validation references. They must not be treated as Paris-scale TAIVAS input capacities or direct absolute-MW calibration targets.
2026-06-27 05:00:00,France,Paris,48.8566,2.3522,2100000,20.9924,2.412471,0,0,66.387271,,,,,,not_provided_use_explicit_taivas_assumption,Not available in current RTE/ERA5 extracts,Paris-scale TAIVAS profile,5736.75,5830,0,0,31.25,0,25,153,209.25,209.25,5529.25,0,96.382915,1.75,RTE eCO2mix Île-de-France regional observation,ERA5 Paris grid-point hourly observation,matched,usable_with_spatial_scope_warning,"RTE eCO2mix Île-de-France daily real-time exports, consolidated by TAIVAS workflow","ERA5 hourly time-series on single levels, Paris extract",Observed RTE MW values are regional validation references. They must not be treated as Paris-scale TAIVAS input capacities or direct absolute-MW calibration targets.
2026-06-27 06:00:00,France,Paris,48.8566,2.3522,2100000,20.45095,4.119596,0.088889,0,67.414302,,,,,,not_provided_use_explicit_taivas_assumption,Not available in current RTE/ERA5 extracts,Paris-scale TAIVAS profile,5805.25,5848,0,0,22.25,9.25,25,147.25,203.75,203.75,5603.75,-0.5,96.528728,1.75,RTE eCO2mix Île-de-France regional observation,ERA5 Paris grid-point hourly observation,matched,usable_with_spatial_scope_warning,"RTE eCO2mix Île-de-France daily real-time exports, consolidated by TAIVAS workflow","ERA5 hourly time-series on single levels, Paris extract",Observed RTE MW values are regional validation references. They must not be treated as Paris-scale TAIVAS input capacities or direct absolute-MW calibration targets.
2026-06-27 07:00:00,France,Paris,48.8566,2.3522,2100000,20.7874,4.216394,37.013333,0,65.116211,,,,,,not_provided_use_explicit_taivas_assumption,Not available in current RTE/ERA5 extracts,Paris-scale TAIVAS profile,5956,6015,0,0,17.75,36.25,25,145.75,224.75,224.75,5734,-0.25,96.273963,2.5,RTE eCO2mix Île-de-France regional observation,ERA5 Paris grid-point hourly observation,matched,usable_with_spatial_scope_warning,"RTE eCO2mix Île-de-France daily real-time exports, consolidated by TAIVAS workflow","ERA5 hourly time-series on single levels, Paris extract",Observed RTE MW values are regional validation references. They must not be treated as Paris-scale TAIVAS input capacities or direct absolute-MW calibration targets.
2026-06-27 08:00:00,France,Paris,48.8566,2.3522,2100000,22.11913,3.720864,142.435556,0,58.593401,,,,,,not_provided_use_explicit_taivas_assumption,Not available in current RTE/ERA5 extracts,Paris-scale TAIVAS profile,6340.5,6446,0,0,13.5,87.25,25,147,272.75,272.75,6071,-0.75,95.752847,2.5,RTE eCO2mix Île-de-France regional observation,ERA5 Paris grid-point hourly observation,matched,usable_with_spatial_scope_warning,"RTE eCO2mix Île-de-France daily real-time exports, consolidated by TAIVAS workflow","ERA5 hourly time-series on single levels, Paris extract",Observed RTE MW values are regional validation references. They must not be treated as Paris-scale TAIVAS input capacities or direct absolute-MW calibration targets.
2026-06-27 09:00:00,France,Paris,48.8566,2.3522,2100000,24.06945,3.59959,267.057778,0,52.885747,,,,,,not_provided_use_explicit_taivas_assumption,Not available in current RTE/ERA5 extracts,Paris-scale TAIVAS profile,6769,6837,0,0,11.5,162.75,25,154.75,354,354,6416.25,1,94.791477,2.25,RTE eCO2mix Île-de-France regional observation,ERA5 Paris grid-point hourly observation,matched,usable_with_spatial_scope_warning,"RTE eCO2mix Île-de-France daily real-time exports, consolidated by TAIVAS workflow","ERA5 hourly time-series on single levels, Paris extract",Observed RTE MW values are regional validation references. They must not be treated as Paris-scale TAIVAS input capacities or direct absolute-MW calibration targets.
2026-06-27 10:00:00,France,Paris,48.8566,2.3522,2100000,26.45022,3.604325,441.422222,0,48.986539,,,,,,not_provided_use_explicit_taivas_assumption,Not available in current RTE/ERA5 extracts,Paris-scale TAIVAS profile,7256.25,7409,0,0,8.5,227.25,25,156.75,417.5,417.5,6840.5,0.25,94.272009,2,RTE eCO2mix Île-de-France regional observation,ERA5 Paris grid-point hourly observation,matched,usable_with_spatial_scope_warning,"RTE eCO2mix Île-de-France daily real-time exports, consolidated by TAIVAS workflow","ERA5 hourly time-series on single levels, Paris extract",Observed RTE MW values are regional validation references. They must not be treated as Paris-scale TAIVAS input capacities or direct absolute-MW calibration targets.
2026-06-27 11:00:00,France,Paris,48.8566,2.3522,2100000,28.36495,3.254143,545.617778,0,46.780939,,,,,,not_provided_use_explicit_taivas_assumption,Not available in current RTE/ERA5 extracts,Paris-scale TAIVAS profile,7596.25,7642,0,0,5.75,279,25,150,459.75,459.75,7138.5,-0.25,93.974283,1.75,RTE eCO2mix Île-de-France regional observation,ERA5 Paris grid-point hourly observation,matched,usable_with_spatial_scope_warning,"RTE eCO2mix Île-de-France daily real-time exports, consolidated by TAIVAS workflow","ERA5 hourly time-series on single levels, Paris extract",Observed RTE MW values are regional validation references. They must not be treated as Paris-scale TAIVAS input capacities or direct absolute-MW calibration targets.
2026-06-27 12:00:00,France,Paris,48.8566,2.3522,2100000,30.34734,2.463041,687.946667,0,43.973423,,,,,,not_provided_use_explicit_taivas_assumption,Not available in current RTE/ERA5 extracts,Paris-scale TAIVAS profile,7976.25,8103,0,0,5.5,308.5,25,149.5,488.5,488.5,7490.5,-0.75,93.909805,2,RTE eCO2mix Île-de-France regional observation,ERA5 Paris grid-point hourly observation,matched,usable_with_spatial_scope_warning,"RTE eCO2mix Île-de-France daily real-time exports, consolidated by TAIVAS workflow","ERA5 hourly time-series on single levels, Paris extract",Observed RTE MW values are regional validation references. They must not be treated as Paris-scale TAIVAS input capacities or direct absolute-MW calibration targets.
2026-06-27 13:00:00,France,Paris,48.8566,2.3522,2100000,32.1456,1.701346,797.6,0,41.731319,,,,,,not_provided_use_explicit_taivas_assumption,Not available in current RTE/ERA5 extracts,Paris-scale TAIVAS profile,8086.75,8142,0,0,5.5,320.5,25,151.5,502.5,502.5,7586,-0.5,93.807603,1.25,RTE eCO2mix Île-de-France regional observation,ERA5 Paris grid-point hourly observation,matched,usable_with_spatial_scope_warning,"RTE eCO2mix Île-de-France daily real-time exports, consolidated by TAIVAS workflow","ERA5 hourly time-series on single levels, Paris extract",Observed RTE MW values are regional validation references. They must not be treated as Paris-scale TAIVAS input capacities or direct absolute-MW calibration targets.
2026-06-27 14:00:00,France,Paris,48.8566,2.3522,2100000,33.55538,0.893641,835.857778,0,38.817239,,,,,,not_provided_use_explicit_taivas_assumption,Not available in current RTE/ERA5 extracts,Paris-scale TAIVAS profile,8198,8256,0,0,5.5,317.75,25,149.5,497.75,497.75,7702.75,-1,93.958888,1.5,RTE eCO2mix Île-de-France regional observation,ERA5 Paris grid-point hourly observation,matched,usable_with_spatial_scope_warning,"RTE eCO2mix Île-de-France daily real-time exports, consolidated by TAIVAS workflow","ERA5 hourly time-series on single levels, Paris extract",Observed RTE MW values are regional validation references. They must not be treated as Paris-scale TAIVAS input capacities or direct absolute-MW calibration targets.
2026-06-27 15:00:00,France,Paris,48.8566,2.3522,2100000,34.84335,0.905519,838.986667,0,36.691513,,,,,,not_provided_use_explicit_taivas_assumption,Not available in current RTE/ERA5 extracts,Paris-scale TAIVAS profile,8120.75,8200,0,0,6.5,287.75,25,148.25,467.5,467.5,7655,-0.25,94.265195,1.5,RTE eCO2mix Île-de-France regional observation,ERA5 Paris grid-point hourly observation,matched,usable_with_spatial_scope_warning,"RTE eCO2mix Île-de-France daily real-time exports, consolidated by TAIVAS workflow","ERA5 hourly time-series on single levels, Paris extract",Observed RTE MW values are regional validation references. They must not be treated as Paris-scale TAIVAS input capacities or direct absolute-MW calibration targets.
2026-06-27 16:00:00,France,Paris,48.8566,2.3522,2100000,36.0059,1.59397,811.982222,0,34.495899,,,,,,not_provided_use_explicit_taivas_assumption,Not available in current RTE/ERA5 extracts,Paris-scale TAIVAS profile,8029.75,8070,0,0,9.25,245.5,25,148.25,428,428,7604.25,-0.25,94.701195,2.25,RTE eCO2mix Île-de-France regional observation,ERA5 Paris grid-point hourly observation,matched,usable_with_spatial_scope_warning,"RTE eCO2mix Île-de-France daily real-time exports, consolidated by TAIVAS workflow","ERA5 hourly time-series on single levels, Paris extract",Observed RTE MW values are regional validation references. They must not be treated as Paris-scale TAIVAS input capacities or direct absolute-MW calibration targets.
2026-06-27 17:00:00,France,Paris,48.8566,2.3522,2100000,36.55898,1.830142,719.982222,0,34.213597,,,,,,not_provided_use_explicit_taivas_assumption,Not available in current RTE/ERA5 extracts,Paris-scale TAIVAS profile,8141,8200,315.5,0,13.25,199.75,25,147,700.5,385,7439,0.75,91.380171,-0.75,RTE eCO2mix Île-de-France regional observation,ERA5 Paris grid-point hourly observation,matched,usable_with_spatial_scope_warning,"RTE eCO2mix Île-de-France daily real-time exports, consolidated by TAIVAS workflow","ERA5 hourly time-series on single levels, Paris extract",Observed RTE MW values are regional validation references. They must not be treated as Paris-scale TAIVAS input capacities or direct absolute-MW calibration targets.
2026-06-27 18:00:00,France,Paris,48.8566,2.3522,2100000,35.27062,1.659623,509.671111,0.83828,37.787069,,,,,,not_provided_use_explicit_taivas_assumption,Not available in current RTE/ERA5 extracts,Paris-scale TAIVAS profile,8216,8268,490.5,0,13,160.25,25,146.25,835,344.5,7381,0,89.83733,0,RTE eCO2mix Île-de-France regional observation,ERA5 Paris grid-point hourly observation,matched,usable_with_spatial_scope_warning,"RTE eCO2mix Île-de-France daily real-time exports, consolidated by TAIVAS workflow","ERA5 hourly time-series on single levels, Paris extract",Observed RTE MW values are regional validation references. They must not be treated as Paris-scale TAIVAS input capacities or direct absolute-MW calibration targets.
2026-06-27 19:00:00,France,Paris,48.8566,2.3522,2100000,35.74166,1.161238,301.76,0,36.444837,,,,,,not_provided_use_explicit_taivas_assumption,Not available in current RTE/ERA5 extracts,Paris-scale TAIVAS profile,8203,8252,367,0,8.25,93.25,25,146.75,640.25,273.25,7562,0.75,92.186419,0,RTE eCO2mix Île-de-France regional observation,ERA5 Paris grid-point hourly observation,matched,usable_with_spatial_scope_warning,"RTE eCO2mix Île-de-France daily real-time exports, consolidated by TAIVAS workflow","ERA5 hourly time-series on single levels, Paris extract",Observed RTE MW values are regional validation references. They must not be treated as Paris-scale TAIVAS input capacities or direct absolute-MW calibration targets.
2026-06-27 20:00:00,France,Paris,48.8566,2.3522,2100000,34.66802,2.246372,174.862222,0.005722,38.858788,,,,,,not_provided_use_explicit_taivas_assumption,Not available in current RTE/ERA5 extracts,Paris-scale TAIVAS profile,8055.5,8123,358,0,7.75,39,25,146,575.75,217.75,7479.75,0,92.853047,0,RTE eCO2mix Île-de-France regional observation,ERA5 Paris grid-point hourly observation,matched,usable_with_spatial_scope_warning,"RTE eCO2mix Île-de-France daily real-time exports, consolidated by TAIVAS workflow","ERA5 hourly time-series on single levels, Paris extract",Observed RTE MW values are regional validation references. They must not be treated as Paris-scale TAIVAS input capacities or direct absolute-MW calibration targets.
2026-06-27 21:00:00,France,Paris,48.8566,2.3522,2100000,31.96038,2.408849,69.653333,0.154018,45.11675,,,,,,not_provided_use_explicit_taivas_assumption,Not available in current RTE/ERA5 extracts,Paris-scale TAIVAS profile,7710,7874,461,0,34.5,10.5,25,146.25,677.25,216.25,7032.75,0,91.200607,0,RTE eCO2mix Île-de-France regional observation,ERA5 Paris grid-point hourly observation,matched,usable_with_spatial_scope_warning,"RTE eCO2mix Île-de-France daily real-time exports, consolidated by TAIVAS workflow","ERA5 hourly time-series on single levels, Paris extract",Observed RTE MW values are regional validation references. They must not be treated as Paris-scale TAIVAS input capacities or direct absolute-MW calibration targets.
2026-06-27 22:00:00,France,Paris,48.8566,2.3522,2100000,27.54064,2.727673,21.777778,0,59.929534,,,,,,not_provided_use_explicit_taivas_assumption,Not available in current RTE/ERA5 extracts,Paris-scale TAIVAS profile,7536.75,7606,587.5,0,52.75,2.25,25,147.75,815.25,227.75,6721.75,-0.25,89.186278,0,RTE eCO2mix Île-de-France regional observation,ERA5 Paris grid-point hourly observation,matched,usable_with_spatial_scope_warning,"RTE eCO2mix Île-de-France daily real-time exports, consolidated by TAIVAS workflow","ERA5 hourly time-series on single levels, Paris extract",Observed RTE MW values are regional validation references. They must not be treated as Paris-scale TAIVAS input capacities or direct absolute-MW calibration targets.
2026-06-27 23:00:00,France,Paris,48.8566,2.3522,2100000,23.85034,1.709456,0,0,71.808231,,,,,,not_provided_use_explicit_taivas_assumption,Not available in current RTE/ERA5 extracts,Paris-scale TAIVAS profile,7115.25,7315,574.25,0,21.5,0,25,147,767.75,193.5,6347.5,0,89.215563,0,RTE eCO2mix Île-de-France regional observation,ERA5 Paris grid-point hourly observation,matched,usable_with_spatial_scope_warning,"RTE eCO2mix Île-de-France daily real-time exports, consolidated by TAIVAS workflow","ERA5 hourly time-series on single levels, Paris extract",Observed RTE MW values are regional validation references. They must not be treated as Paris-scale TAIVAS input capacities or direct absolute-MW calibration targets.
2026-06-28 00:00:00,France,Paris,48.8566,2.3522,2100000,22.08126,1.350638,0,0,83.337036,,,,,,not_provided_use_explicit_taivas_assumption,Not available in current RTE/ERA5 extracts,Paris-scale TAIVAS profile,6741,6918,375.75,0,17,0,25,147,564.75,189,6177,0,91.644912,0.75,RTE eCO2mix Île-de-France regional observation,ERA5 Paris grid-point hourly observation,matched,usable_with_spatial_scope_warning,"RTE eCO2mix Île-de-France daily real-time exports, consolidated by TAIVAS workflow","ERA5 hourly time-series on single levels, Paris extract",Observed RTE MW values are regional validation references. They must not be treated as Paris-scale TAIVAS input capacities or direct absolute-MW calibration targets.
2026-06-28 01:00:00,France,Paris,48.8566,2.3522,2100000,21.11752,1.843626,0,0,87.743313,,,,,,not_provided_use_explicit_taivas_assumption,Not available in current RTE/ERA5 extracts,Paris-scale TAIVAS profile,6267,6397,310.5,0,11,0,25,145.5,492,181.5,5774.75,0,92.143443,-0.25,RTE eCO2mix Île-de-France regional observation,ERA5 Paris grid-point hourly observation,matched,usable_with_spatial_scope_warning,"RTE eCO2mix Île-de-France daily real-time exports, consolidated by TAIVAS workflow","ERA5 hourly time-series on single levels, Paris extract",Observed RTE MW values are regional validation references. They must not be treated as Paris-scale TAIVAS input capacities or direct absolute-MW calibration targets.
2026-06-28 02:00:00,France,Paris,48.8566,2.3522,2100000,20.57595,2.714964,0,0,91.193549,,,,,,not_provided_use_explicit_taivas_assumption,Not available in current RTE/ERA5 extracts,Paris-scale TAIVAS profile,5887.25,6025,237,0,11.75,0,25,146,419.75,182.75,5467,0,92.883734,-0.5,RTE eCO2mix Île-de-France regional observation,ERA5 Paris grid-point hourly observation,matched,usable_with_spatial_scope_warning,"RTE eCO2mix Île-de-France daily real-time exports, consolidated by TAIVAS workflow","ERA5 hourly time-series on single levels, Paris extract",Observed RTE MW values are regional validation references. They must not be treated as Paris-scale TAIVAS input capacities or direct absolute-MW calibration targets.
2026-06-28 03:00:00,France,Paris,48.8566,2.3522,2100000,20.25326,2.699171,0,0,94.519287,,,,,,not_provided_use_explicit_taivas_assumption,Not available in current RTE/ERA5 extracts,Paris-scale TAIVAS profile,5610.5,5639,91.75,0,13,0,25,146.25,276,184.25,5334.5,0,95.082664,0,RTE eCO2mix Île-de-France regional observation,ERA5 Paris grid-point hourly observation,matched,usable_with_spatial_scope_warning,"RTE eCO2mix Île-de-France daily real-time exports, consolidated by TAIVAS workflow","ERA5 hourly time-series on single levels, Paris extract",Observed RTE MW values are regional validation references. They must not be treated as Paris-scale TAIVAS input capacities or direct absolute-MW calibration targets.
2026-06-28 04:00:00,France,Paris,48.8566,2.3522,2100000,19.71334,1.620106,0,0,97.499073,,,,,,not_provided_use_explicit_taivas_assumption,Not available in current RTE/ERA5 extracts,Paris-scale TAIVAS profile,5469.75,5527,0,0,8.5,0,25,147,180.5,180.5,5291,0,96.732083,1.75,RTE eCO2mix Île-de-France regional observation,ERA5 Paris grid-point hourly observation,matched,usable_with_spatial_scope_warning,"RTE eCO2mix Île-de-France daily real-time exports, consolidated by TAIVAS workflow","ERA5 hourly time-series on single levels, Paris extract",Observed RTE MW values are regional validation references. They must not be treated as Paris-scale TAIVAS input capacities or direct absolute-MW calibration targets.
2026-06-28 05:00:00,France,Paris,48.8566,2.3522,2100000,19.20193,1.440539,0,0,98.50641,,,,,,not_provided_use_explicit_taivas_assumption,Not available in current RTE/ERA5 extracts,Paris-scale TAIVAS profile,5463.75,5518,0,0,7.5,0,25,147.25,179.75,179.75,5285.5,0,96.737227,1.5,RTE eCO2mix Île-de-France regional observation,ERA5 Paris grid-point hourly observation,matched,usable_with_spatial_scope_warning,"RTE eCO2mix Île-de-France daily real-time exports, consolidated by TAIVAS workflow","ERA5 hourly time-series on single levels, Paris extract",Observed RTE MW values are regional validation references. They must not be treated as Paris-scale TAIVAS input capacities or direct absolute-MW calibration targets.
2026-06-28 06:00:00,France,Paris,48.8566,2.3522,2100000,18.85507,1.56459,0.071111,0,98.617161,,,,,,not_provided_use_explicit_taivas_assumption,Not available in current RTE/ERA5 extracts,Paris-scale TAIVAS profile,5389.25,5435,0,0,14.5,9,25,148.25,196.75,196.75,5194.75,0,96.391426,2.25,RTE eCO2mix Île-de-France regional observation,ERA5 Paris grid-point hourly observation,matched,usable_with_spatial_scope_warning,"RTE eCO2mix Île-de-France daily real-time exports, consolidated by TAIVAS workflow","ERA5 hourly time-series on single levels, Paris extract",Observed RTE MW values are regional validation references. They must not be treated as Paris-scale TAIVAS input capacities or direct absolute-MW calibration targets.
2026-06-28 07:00:00,France,Paris,48.8566,2.3522,2100000,20.21917,2.768057,40.266667,0,93.733154,,,,,,not_provided_use_explicit_taivas_assumption,Not available in current RTE/ERA5 extracts,Paris-scale TAIVAS profile,5527.5,5646,0,0,29.5,35.25,25,147,236.75,236.75,5292.25,0,95.745532,1.5,RTE eCO2mix Île-de-France regional observation,ERA5 Paris grid-point hourly observation,matched,usable_with_spatial_scope_warning,"RTE eCO2mix Île-de-France daily real-time exports, consolidated by TAIVAS workflow","ERA5 hourly time-series on single levels, Paris extract",Observed RTE MW values are regional validation references. They must not be treated as Paris-scale TAIVAS input capacities or direct absolute-MW calibration targets.
2026-06-28 08:00:00,France,Paris,48.8566,2.3522,2100000,22.462,3.09171,158.115556,0,82.872605,,,,,,not_provided_use_explicit_taivas_assumption,Not available in current RTE/ERA5 extracts,Paris-scale TAIVAS profile,5873,6050,0,0,31.25,74.5,25,147.25,278,278,5596.5,0,95.295225,1.5,RTE eCO2mix Île-de-France regional observation,ERA5 Paris grid-point hourly observation,matched,usable_with_spatial_scope_warning,"RTE eCO2mix Île-de-France daily real-time exports, consolidated by TAIVAS workflow","ERA5 hourly time-series on single levels, Paris extract",Observed RTE MW values are regional validation references. They must not be treated as Paris-scale TAIVAS input capacities or direct absolute-MW calibration targets.
2026-06-28 09:00:00,France,Paris,48.8566,2.3522,2100000,23.39828,3.431365,247.804444,0,74.771684,,,,,,not_provided_use_explicit_taivas_assumption,Not available in current RTE/ERA5 extracts,Paris-scale TAIVAS profile,6213.25,6341,0,0,40.5,99.5,25,147.5,312.5,312.5,5902.25,0,94.994142,1.5,RTE eCO2mix Île-de-France regional observation,ERA5 Paris grid-point hourly observation,matched,usable_with_spatial_scope_warning,"RTE eCO2mix Île-de-France daily real-time exports, consolidated by TAIVAS workflow","ERA5 hourly time-series on single levels, Paris extract",Observed RTE MW values are regional validation references. They must not be treated as Paris-scale TAIVAS input capacities or direct absolute-MW calibration targets.
2026-06-28 10:00:00,France,Paris,48.8566,2.3522,2100000,23.98083,3.805697,283.608889,0.002861,70.603269,,,,,,not_provided_use_explicit_taivas_assumption,Not available in current RTE/ERA5 extracts,Paris-scale TAIVAS profile,6576.5,6712,0,0,12.75,100.25,25,147.5,285.5,285.5,6293,0,95.686059,2,RTE eCO2mix Île-de-France regional observation,ERA5 Paris grid-point hourly observation,matched,usable_with_spatial_scope_warning,"RTE eCO2mix Île-de-France daily real-time exports, consolidated by TAIVAS workflow","ERA5 hourly time-series on single levels, Paris extract",Observed RTE MW values are regional validation references. They must not be treated as Paris-scale TAIVAS input capacities or direct absolute-MW calibration targets.
2026-06-28 11:00:00,France,Paris,48.8566,2.3522,2100000,24.09414,2.927313,220.622222,0.113964,66.364004,,,,,,not_provided_use_explicit_taivas_assumption,Not available in current RTE/ERA5 extracts,Paris-scale TAIVAS profile,6922.25,7045,0,0,7,101,25,148.25,281.25,281.25,6642.25,0,95.954965,1.25,RTE eCO2mix Île-de-France regional observation,ERA5 Paris grid-point hourly observation,matched,usable_with_spatial_scope_warning,"RTE eCO2mix Île-de-France daily real-time exports, consolidated by TAIVAS workflow","ERA5 hourly time-series on single levels, Paris extract",Observed RTE MW values are regional validation references. They must not be treated as Paris-scale TAIVAS input capacities or direct absolute-MW calibration targets.
2026-06-28 12:00:00,France,Paris,48.8566,2.3522,2100000,24.63714,1.923576,235.822222,0.197411,70.990343,,,,,,not_provided_use_explicit_taivas_assumption,Not available in current RTE/ERA5 extracts,Paris-scale TAIVAS profile,7118,7186,0,0,11.25,150.5,25,147.75,334.5,334.5,6785.25,0,95.326356,1.75,RTE eCO2mix Île-de-France regional observation,ERA5 Paris grid-point hourly observation,matched,usable_with_spatial_scope_warning,"RTE eCO2mix Île-de-France daily real-time exports, consolidated by TAIVAS workflow","ERA5 hourly time-series on single levels, Paris extract",Observed RTE MW values are regional validation references. They must not be treated as Paris-scale TAIVAS input capacities or direct absolute-MW calibration targets.
2026-06-28 13:00:00,France,Paris,48.8566,2.3522,2100000,27.0514,2.581597,336.302222,0.05579,59.801486,,,,,,not_provided_use_explicit_taivas_assumption,Not available in current RTE/ERA5 extracts,Paris-scale TAIVAS profile,7102.5,7148,0,0,10.25,239.75,25,149.5,424.5,424.5,6680,0,94.050603,2,RTE eCO2mix Île-de-France regional observation,ERA5 Paris grid-point hourly observation,matched,usable_with_spatial_scope_warning,"RTE eCO2mix Île-de-France daily real-time exports, consolidated by TAIVAS workflow","ERA5 hourly time-series on single levels, Paris extract",Observed RTE MW values are regional validation references. They must not be treated as Paris-scale TAIVAS input capacities or direct absolute-MW calibration targets.
2026-06-28 14:00:00,France,Paris,48.8566,2.3522,2100000,29.0311,2.854297,634.684444,0.003815,49.413512,,,,,,not_provided_use_explicit_taivas_assumption,Not available in current RTE/ERA5 extracts,Paris-scale TAIVAS profile,7141.25,7226,0,0,14.5,292,25,147.75,479.25,479.25,6664.25,0,93.320517,2.25,RTE eCO2mix Île-de-France regional observation,ERA5 Paris grid-point hourly observation,matched,usable_with_spatial_scope_warning,"RTE eCO2mix Île-de-France daily real-time exports, consolidated by TAIVAS workflow","ERA5 hourly time-series on single levels, Paris extract",Observed RTE MW values are regional validation references. They must not be treated as Paris-scale TAIVAS input capacities or direct absolute-MW calibration targets.
2026-06-28 15:00:00,France,Paris,48.8566,2.3522,2100000,29.75393,2.376693,719.857778,0.000477,44.256251,,,,,,not_provided_use_explicit_taivas_assumption,Not available in current RTE/ERA5 extracts,Paris-scale TAIVAS profile,7134.5,7196,0,0,13.25,286.25,25,146.25,470.75,470.75,6665.25,0,93.423242,1.5,RTE eCO2mix Île-de-France regional observation,ERA5 Paris grid-point hourly observation,matched,usable_with_spatial_scope_warning,"RTE eCO2mix Île-de-France daily real-time exports, consolidated by TAIVAS workflow","ERA5 hourly time-series on single levels, Paris extract",Observed RTE MW values are regional validation references. They must not be treated as Paris-scale TAIVAS input capacities or direct absolute-MW calibration targets.
2026-06-28 16:00:00,France,Paris,48.8566,2.3522,2100000,30.41335,2.700684,686.915556,0.003815,42.841349,,,,,,not_provided_use_explicit_taivas_assumption,Not available in current RTE/ERA5 extracts,Paris-scale TAIVAS profile,7217.25,7266,0,0,15,251,25,146.25,437.25,437.25,6782,0,93.968971,2,RTE eCO2mix Île-de-France regional observation,ERA5 Paris grid-point hourly observation,matched,usable_with_spatial_scope_warning,"RTE eCO2mix Île-de-France daily real-time exports, consolidated by TAIVAS workflow","ERA5 hourly time-series on single levels, Paris extract",Observed RTE MW values are regional validation references. They must not be treated as Paris-scale TAIVAS input capacities or direct absolute-MW calibration targets.
2026-06-28 17:00:00,France,Paris,48.8566,2.3522,2100000,30.47134,2.647554,697.208889,0,40.302702,,,,,,not_provided_use_explicit_taivas_assumption,Not available in current RTE/ERA5 extracts,Paris-scale TAIVAS profile,7224.25,7288,0,0,21.75,200.25,25,146.5,393.5,393.5,6834.5,0,94.603671,3.75,RTE eCO2mix Île-de-France regional observation,ERA5 Paris grid-point hourly observation,matched,usable_with_spatial_scope_warning,"RTE eCO2mix Île-de-France daily real-time exports, consolidated by TAIVAS workflow","ERA5 hourly time-series on single levels, Paris extract",Observed RTE MW values are regional validation references. They must not be treated as Paris-scale TAIVAS input capacities or direct absolute-MW calibration targets.
2026-06-28 18:00:00,France,Paris,48.8566,2.3522,2100000,29.7584,3.394178,542.026667,0.005722,40.58617,,,,,,not_provided_use_explicit_taivas_assumption,Not available in current RTE/ERA5 extracts,Paris-scale TAIVAS profile,7297.25,7358,408.25,0,16.5,129.75,25,146.25,725.75,317.5,6571.5,0,90.052516,0,RTE eCO2mix Île-de-France regional observation,ERA5 Paris grid-point hourly observation,matched,usable_with_spatial_scope_warning,"RTE eCO2mix Île-de-France daily real-time exports, consolidated by TAIVAS workflow","ERA5 hourly time-series on single levels, Paris extract",Observed RTE MW values are regional validation references. They must not be treated as Paris-scale TAIVAS input capacities or direct absolute-MW calibration targets.
2026-06-28 19:00:00,France,Paris,48.8566,2.3522,2100000,28.4401,1.512144,321.493333,0.014782,44.599796,,,,,,not_provided_use_explicit_taivas_assumption,Not available in current RTE/ERA5 extracts,Paris-scale TAIVAS profile,7458,7498,434.5,0,14.25,73.5,25,146.25,693.5,259,6765,0,90.707544,0.5,RTE eCO2mix Île-de-France regional observation,ERA5 Paris grid-point hourly observation,matched,usable_with_spatial_scope_warning,"RTE eCO2mix Île-de-France daily real-time exports, consolidated by TAIVAS workflow","ERA5 hourly time-series on single levels, Paris extract",Observed RTE MW values are regional validation references. They must not be treated as Paris-scale TAIVAS input capacities or direct absolute-MW calibration targets.
2026-06-28 20:00:00,France,Paris,48.8566,2.3522,2100000,27.8481,2.51853,237.031111,0.032425,48.603662,,,,,,not_provided_use_explicit_taivas_assumption,Not available in current RTE/ERA5 extracts,Paris-scale TAIVAS profile,7342.25,7420,442.75,0,13.75,35,25,147,663.5,220.75,6678.75,0,90.962653,0,RTE eCO2mix Île-de-France regional observation,ERA5 Paris grid-point hourly observation,matched,usable_with_spatial_scope_warning,"RTE eCO2mix Île-de-France daily real-time exports, consolidated by TAIVAS workflow","ERA5 hourly time-series on single levels, Paris extract",Observed RTE MW values are regional validation references. They must not be treated as Paris-scale TAIVAS input capacities or direct absolute-MW calibration targets.
2026-06-28 21:00:00,France,Paris,48.8566,2.3522,2100000,26.43093,2.774835,61.048889,0,55.151198,,,,,,not_provided_use_explicit_taivas_assumption,Not available in current RTE/ERA5 extracts,Paris-scale TAIVAS profile,7040.5,7174,449.75,0,11,12.25,25,144.75,642.75,193,6398,0,90.87323,0.25,RTE eCO2mix Île-de-France regional observation,ERA5 Paris grid-point hourly observation,matched,usable_with_spatial_scope_warning,"RTE eCO2mix Île-de-France daily real-time exports, consolidated by TAIVAS workflow","ERA5 hourly time-series on single levels, Paris extract",Observed RTE MW values are regional validation references. They must not be treated as Paris-scale TAIVAS input capacities or direct absolute-MW calibration targets.
2026-06-28 22:00:00,France,Paris,48.8566,2.3522,2100000,24.41305,2.642336,14.4,0.02861,65.841755,,,,,,not_provided_use_explicit_taivas_assumption,Not available in current RTE/ERA5 extracts,Paris-scale TAIVAS profile,7104.25,7185,457.75,0,16.25,2.25,25,148,649.25,191.5,6455,0,90.859239,0,RTE eCO2mix Île-de-France regional observation,ERA5 Paris grid-point hourly observation,matched,usable_with_spatial_scope_warning,"RTE eCO2mix Île-de-France daily real-time exports, consolidated by TAIVAS workflow","ERA5 hourly time-series on single levels, Paris extract",Observed RTE MW values are regional validation references. They must not be treated as Paris-scale TAIVAS input capacities or direct absolute-MW calibration targets.
2026-06-28 23:00:00,France,Paris,48.8566,2.3522,2100000,22.73638,2.843173,0,0.617981,73.662523,,,,,,not_provided_use_explicit_taivas_assumption,Not available in current RTE/ERA5 extracts,Paris-scale TAIVAS profile,6929.25,7175,407.75,0,20,0,25,146.5,599.25,191.5,6330.25,0,91.368293,0.25,RTE eCO2mix Île-de-France regional observation,ERA5 Paris grid-point hourly observation,matched,usable_with_spatial_scope_warning,"RTE eCO2mix Île-de-France daily real-time exports, consolidated by TAIVAS workflow","ERA5 hourly time-series on single levels, Paris extract",Observed RTE MW values are regional validation references. They must not be treated as Paris-scale TAIVAS input capacities or direct absolute-MW calibration targets.
2026-06-29 00:00:00,France,Paris,48.8566,2.3522,2100000,21.03024,3.637268,0,0.906944,85.79466,,,,,,not_provided_use_explicit_taivas_assumption,Not available in current RTE/ERA5 extracts,Paris-scale TAIVAS profile,6382.25,6569,273.5,0,29,0,25,147.5,475,201.5,5906.75,0,92.571268,-0.5,RTE eCO2mix Île-de-France regional observation,ERA5 Paris grid-point hourly observation,matched,usable_with_spatial_scope_warning,"RTE eCO2mix Île-de-France daily real-time exports, consolidated by TAIVAS workflow","ERA5 hourly time-series on single levels, Paris extract",Observed RTE MW values are regional validation references. They must not be treated as Paris-scale TAIVAS input capacities or direct absolute-MW calibration targets.
2026-06-29 01:00:00,France,Paris,48.8566,2.3522,2100000,20.3884,4.500302,0,0.692368,84.048703,,,,,,not_provided_use_explicit_taivas_assumption,Not available in current RTE/ERA5 extracts,Paris-scale TAIVAS profile,5823.25,6019,161,0,50.75,0,25,146.75,383.5,222.5,5439.5,0,93.4158,-0.25,RTE eCO2mix Île-de-France regional observation,ERA5 Paris grid-point hourly observation,matched,usable_with_spatial_scope_warning,"RTE eCO2mix Île-de-France daily real-time exports, consolidated by TAIVAS workflow","ERA5 hourly time-series on single levels, Paris extract",Observed RTE MW values are regional validation references. They must not be treated as Paris-scale TAIVAS input capacities or direct absolute-MW calibration targets.
2026-06-29 02:00:00,France,Paris,48.8566,2.3522,2100000,19.25588,4.669577,0,0.427723,81.218704,,,,,,not_provided_use_explicit_taivas_assumption,Not available in current RTE/ERA5 extracts,Paris-scale TAIVAS profile,5429.25,5517,0,0,55.75,0,25,147.75,228.5,228.5,5202.5,0,95.822982,1.75,RTE eCO2mix Île-de-France regional observation,ERA5 Paris grid-point hourly observation,matched,usable_with_spatial_scope_warning,"RTE eCO2mix Île-de-France daily real-time exports, consolidated by TAIVAS workflow","ERA5 hourly time-series on single levels, Paris extract",Observed RTE MW values are regional validation references. They must not be treated as Paris-scale TAIVAS input capacities or direct absolute-MW calibration targets.
2026-06-29 03:00:00,France,Paris,48.8566,2.3522,2100000,18.18826,4.331952,0,0.061512,77.097219,,,,,,not_provided_use_explicit_taivas_assumption,Not available in current RTE/ERA5 extracts,Paris-scale TAIVAS profile,5219.25,5319,0,0,55.75,0,25,149.75,230.5,230.5,4990,0,95.607834,1.25,RTE eCO2mix Île-de-France regional observation,ERA5 Paris grid-point hourly observation,matched,usable_with_spatial_scope_warning,"RTE eCO2mix Île-de-France daily real-time exports, consolidated by TAIVAS workflow","ERA5 hourly time-series on single levels, Paris extract",Observed RTE MW values are regional validation references. They must not be treated as Paris-scale TAIVAS input capacities or direct absolute-MW calibration targets.
2026-06-29 04:00:00,France,Paris,48.8566,2.3522,2100000,17.33468,4.096151,0,0,74.060845,,,,,,not_provided_use_explicit_taivas_assumption,Not available in current RTE/ERA5 extracts,Paris-scale TAIVAS profile,5156.75,5222,0,0,47.25,0,25,148.25,220.5,220.5,4938,0,95.757131,1.75,RTE eCO2mix Île-de-France regional observation,ERA5 Paris grid-point hourly observation,matched,usable_with_spatial_scope_warning,"RTE eCO2mix Île-de-France daily real-time exports, consolidated by TAIVAS workflow","ERA5 hourly time-series on single levels, Paris extract",Observed RTE MW values are regional validation references. They must not be treated as Paris-scale TAIVAS input capacities or direct absolute-MW calibration targets.
2026-06-29 05:00:00,France,Paris,48.8566,2.3522,2100000,16.44512,3.902745,0,0,72.010106,,,,,,not_provided_use_explicit_taivas_assumption,Not available in current RTE/ERA5 extracts,Paris-scale TAIVAS profile,5269.75,5418,0,0,32.25,0,25,149,206.25,206.25,5065.5,0,96.122644,2,RTE eCO2mix Île-de-France regional observation,ERA5 Paris grid-point hourly observation,matched,usable_with_spatial_scope_warning,"RTE eCO2mix Île-de-France daily real-time exports, consolidated by TAIVAS workflow","ERA5 hourly time-series on single levels, Paris extract",Observed RTE MW values are regional validation references. They must not be treated as Paris-scale TAIVAS input capacities or direct absolute-MW calibration targets.
2026-06-29 06:00:00,France,Paris,48.8566,2.3522,2100000,15.9187,3.588612,0.035556,0,72.661266,,,,,,not_provided_use_explicit_taivas_assumption,Not available in current RTE/ERA5 extracts,Paris-scale TAIVAS profile,5677.25,5921,0,0,29.25,6.25,25,154.25,214.75,214.75,5464,0,96.241609,1.5,RTE eCO2mix Île-de-France regional observation,ERA5 Paris grid-point hourly observation,matched,usable_with_spatial_scope_warning,"RTE eCO2mix Île-de-France daily real-time exports, consolidated by TAIVAS workflow","ERA5 hourly time-series on single levels, Paris extract",Observed RTE MW values are regional validation references. They must not be treated as Paris-scale TAIVAS input capacities or direct absolute-MW calibration targets.
2026-06-29 07:00:00,France,Paris,48.8566,2.3522,2100000,16.26266,3.918659,17.706667,0.000477,71.407764,,,,,,not_provided_use_explicit_taivas_assumption,Not available in current RTE/ERA5 extracts,Paris-scale TAIVAS profile,6327.5,6637,0,0,27.75,29.75,25,148.75,231.25,231.25,6097.5,0,96.362388,1.25,RTE eCO2mix Île-de-France regional observation,ERA5 Paris grid-point hourly observation,matched,usable_with_spatial_scope_warning,"RTE eCO2mix Île-de-France daily real-time exports, consolidated by TAIVAS workflow","ERA5 hourly time-series on single levels, Paris extract",Observed RTE MW values are regional validation references. They must not be treated as Paris-scale TAIVAS input capacities or direct absolute-MW calibration targets.
2026-06-29 08:00:00,France,Paris,48.8566,2.3522,2100000,17.2324,4.061455,61.831111,0.001907,68.354759,,,,,,not_provided_use_explicit_taivas_assumption,Not available in current RTE/ERA5 extracts,Paris-scale TAIVAS profile,6911.25,7091,0,0,22.25,71.75,25,149.5,268.5,268.5,6644.5,0,96.141933,1.75,RTE eCO2mix Île-de-France regional observation,ERA5 Paris grid-point hourly observation,matched,usable_with_spatial_scope_warning,"RTE eCO2mix Île-de-France daily real-time exports, consolidated by TAIVAS workflow","ERA5 hourly time-series on single levels, Paris extract",Observed RTE MW values are regional validation references. They must not be treated as Paris-scale TAIVAS input capacities or direct absolute-MW calibration targets.
2026-06-29 09:00:00,France,Paris,48.8566,2.3522,2100000,18.01772,3.754806,230.684444,0.003815,66.519417,,,,,,not_provided_use_explicit_taivas_assumption,Not available in current RTE/ERA5 extracts,Paris-scale TAIVAS profile,7213.5,7317,0,0,13.5,126.25,25,151,315.75,315.75,6899.25,0,95.645511,1.5,RTE eCO2mix Île-de-France regional observation,ERA5 Paris grid-point hourly observation,matched,usable_with_spatial_scope_warning,"RTE eCO2mix Île-de-France daily real-time exports, consolidated by TAIVAS workflow","ERA5 hourly time-series on single levels, Paris extract",Observed RTE MW values are regional validation references. They must not be treated as Paris-scale TAIVAS input capacities or direct absolute-MW calibration targets.
2026-06-29 10:00:00,France,Paris,48.8566,2.3522,2100000,19.36645,3.534399,401.28,0.000477,63.490053,,,,,,not_provided_use_explicit_taivas_assumption,Not available in current RTE/ERA5 extracts,Paris-scale TAIVAS profile,7419.5,7460,0,0,8.25,184.25,25,160,377.5,377.5,7044,0,94.938973,2,RTE eCO2mix Île-de-France regional observation,ERA5 Paris grid-point hourly observation,matched,usable_with_spatial_scope_warning,"RTE eCO2mix Île-de-France daily real-time exports, consolidated by TAIVAS workflow","ERA5 hourly time-series on single levels, Paris extract",Observed RTE MW values are regional validation references. They must not be treated as Paris-scale TAIVAS input capacities or direct absolute-MW calibration targets.
2026-06-29 11:00:00,France,Paris,48.8566,2.3522,2100000,21.37356,3.215329,512.693333,0,57.35277,,,,,,not_provided_use_explicit_taivas_assumption,Not available in current RTE/ERA5 extracts,Paris-scale TAIVAS profile,7639.75,7697,0,0,6.75,245.5,25,148,425.25,425.25,7216.25,0,94.456971,1.75,RTE eCO2mix Île-de-France regional observation,ERA5 Paris grid-point hourly observation,matched,usable_with_spatial_scope_warning,"RTE eCO2mix Île-de-France daily real-time exports, consolidated by TAIVAS workflow","ERA5 hourly time-series on single levels, Paris extract",Observed RTE MW values are regional validation references. They must not be treated as Paris-scale TAIVAS input capacities or direct absolute-MW calibration targets.
2026-06-29 12:00:00,France,Paris,48.8566,2.3522,2100000,23.10195,2.501926,622.08,0.001431,50.181155,,,,,,not_provided_use_explicit_taivas_assumption,Not available in current RTE/ERA5 extracts,Paris-scale TAIVAS profile,7877.5,7930,0,0,6,283,25,148.5,462.5,462.5,7416.5,0,94.148603,1.5,RTE eCO2mix Île-de-France regional observation,ERA5 Paris grid-point hourly observation,matched,usable_with_spatial_scope_warning,"RTE eCO2mix Île-de-France daily real-time exports, consolidated by TAIVAS workflow","ERA5 hourly time-series on single levels, Paris extract",Observed RTE MW values are regional validation references. They must not be treated as Paris-scale TAIVAS input capacities or direct absolute-MW calibration targets.
2026-06-29 13:00:00,France,Paris,48.8566,2.3522,2100000,24.5118,1.855282,739.786667,0,45.516896,,,,,,not_provided_use_explicit_taivas_assumption,Not available in current RTE/ERA5 extracts,Paris-scale TAIVAS profile,7830.25,7866,0,0,5.75,300.5,25,149.75,481,481,7351,0,93.879692,1.75,RTE eCO2mix Île-de-France regional observation,ERA5 Paris grid-point hourly observation,matched,usable_with_spatial_scope_warning,"RTE eCO2mix Île-de-France daily real-time exports, consolidated by TAIVAS workflow","ERA5 hourly time-series on single levels, Paris extract",Observed RTE MW values are regional validation references. They must not be treated as Paris-scale TAIVAS input capacities or direct absolute-MW calibration targets.
2026-06-29 14:00:00,France,Paris,48.8566,2.3522,2100000,25.71926,1.934864,815.733333,0,43.234323,,,,,,not_provided_use_explicit_taivas_assumption,Not available in current RTE/ERA5 extracts,Paris-scale TAIVAS profile,7934.5,8082,0,0,5.5,303.75,25,150.5,484.75,484.75,7451,0,93.90552,1.25,RTE eCO2mix Île-de-France regional observation,ERA5 Paris grid-point hourly observation,matched,usable_with_spatial_scope_warning,"RTE eCO2mix Île-de-France daily real-time exports, consolidated by TAIVAS workflow","ERA5 hourly time-series on single levels, Paris extract",Observed RTE MW values are regional validation references. They must not be treated as Paris-scale TAIVAS input capacities or direct absolute-MW calibration targets.
2026-06-29 15:00:00,France,Paris,48.8566,2.3522,2100000,26.72335,1.641208,835.182222,0,41.40377,,,,,,not_provided_use_explicit_taivas_assumption,Not available in current RTE/ERA5 extracts,Paris-scale TAIVAS profile,7807.25,7859,0,0,6,292.25,25,149.75,473,473,7336.25,0,93.967106,2,RTE eCO2mix Île-de-France regional observation,ERA5 Paris grid-point hourly observation,matched,usable_with_spatial_scope_warning,"RTE eCO2mix Île-de-France daily real-time exports, consolidated by TAIVAS workflow","ERA5 hourly time-series on single levels, Paris extract",Observed RTE MW values are regional validation references. They must not be treated as Paris-scale TAIVAS input capacities or direct absolute-MW calibration targets.
2026-06-29 16:00:00,France,Paris,48.8566,2.3522,2100000,27.45913,1.464004,764.817778,0,40.484346,,,,,,not_provided_use_explicit_taivas_assumption,Not available in current RTE/ERA5 extracts,Paris-scale TAIVAS profile,7782.75,7801,0,0,5.75,263.5,25,151.25,445.5,445.5,7338.5,0,94.291993,1.25,RTE eCO2mix Île-de-France regional observation,ERA5 Paris grid-point hourly observation,matched,usable_with_spatial_scope_warning,"RTE eCO2mix Île-de-France daily real-time exports, consolidated by TAIVAS workflow","ERA5 hourly time-series on single levels, Paris extract",Observed RTE MW values are regional validation references. They must not be treated as Paris-scale TAIVAS input capacities or direct absolute-MW calibration targets.
2026-06-29 17:00:00,France,Paris,48.8566,2.3522,2100000,27.49978,1.52496,687.431111,0,39.628233,,,,,,not_provided_use_explicit_taivas_assumption,Not available in current RTE/ERA5 extracts,Paris-scale TAIVAS profile,7843.5,7898,0,0,5.75,210.5,25,150.5,391.75,391.75,7453.5,0,95.027379,1.75,RTE eCO2mix Île-de-France regional observation,ERA5 Paris grid-point hourly observation,matched,usable_with_spatial_scope_warning,"RTE eCO2mix Île-de-France daily real-time exports, consolidated by TAIVAS workflow","ERA5 hourly time-series on single levels, Paris extract",Observed RTE MW values are regional validation references. They must not be treated as Paris-scale TAIVAS input capacities or direct absolute-MW calibration targets.
2026-06-29 18:00:00,France,Paris,48.8566,2.3522,2100000,27.6149,2.0863,564.746667,0,38.673008,,,,,,not_provided_use_explicit_taivas_assumption,Not available in current RTE/ERA5 extracts,Paris-scale TAIVAS profile,7846,7967,0,0,5.75,151.5,25,149.75,332,332,7515.75,0,95.789255,1.75,RTE eCO2mix Île-de-France regional observation,ERA5 Paris grid-point hourly observation,matched,usable_with_spatial_scope_warning,"RTE eCO2mix Île-de-France daily real-time exports, consolidated by TAIVAS workflow","ERA5 hourly time-series on single levels, Paris extract",Observed RTE MW values are regional validation references. They must not be treated as Paris-scale TAIVAS input capacities or direct absolute-MW calibration targets.
2026-06-29 19:00:00,France,Paris,48.8566,2.3522,2100000,27.6412,2.390872,414.791111,0,37.876195,,,,,,not_provided_use_explicit_taivas_assumption,Not available in current RTE/ERA5 extracts,Paris-scale TAIVAS profile,7905.25,7987,0,0,7.5,100.25,25,148.75,281.5,281.5,7625.25,0,96.458869,1.5,RTE eCO2mix Île-de-France regional observation,ERA5 Paris grid-point hourly observation,matched,usable_with_spatial_scope_warning,"RTE eCO2mix Île-de-France daily real-time exports, consolidated by TAIVAS workflow","ERA5 hourly time-series on single levels, Paris extract",Observed RTE MW values are regional validation references. They must not be treated as Paris-scale TAIVAS input capacities or direct absolute-MW calibration targets.
2026-06-29 20:00:00,France,Paris,48.8566,2.3522,2100000,27.02346,2.691921,281.973333,0,37.885488,,,,,,not_provided_use_explicit_taivas_assumption,Not available in current RTE/ERA5 extracts,Paris-scale TAIVAS profile,7526.25,7686,0,0,8.5,41,25,149,223.5,223.5,7304.5,0,97.055211,1.75,RTE eCO2mix Île-de-France regional observation,ERA5 Paris grid-point hourly observation,matched,usable_with_spatial_scope_warning,"RTE eCO2mix Île-de-France daily real-time exports, consolidated by TAIVAS workflow","ERA5 hourly time-series on single levels, Paris extract",Observed RTE MW values are regional validation references. They must not be treated as Paris-scale TAIVAS input capacities or direct absolute-MW calibration targets.
2026-06-29 21:00:00,France,Paris,48.8566,2.3522,2100000,25.46133,2.798149,118.524444,0,40.989859,,,,,,not_provided_use_explicit_taivas_assumption,Not available in current RTE/ERA5 extracts,Paris-scale TAIVAS profile,7089,7197,0,0,8,9.75,25,149.75,192.5,192.5,6898,0,97.3059,1.5,RTE eCO2mix Île-de-France regional observation,ERA5 Paris grid-point hourly observation,matched,usable_with_spatial_scope_warning,"RTE eCO2mix Île-de-France daily real-time exports, consolidated by TAIVAS workflow","ERA5 hourly time-series on single levels, Paris extract",Observed RTE MW values are regional validation references. They must not be treated as Paris-scale TAIVAS input capacities or direct absolute-MW calibration targets.
2026-06-29 22:00:00,France,Paris,48.8566,2.3522,2100000,22.68185,3.005153,24.497778,0,49.065549,,,,,,not_provided_use_explicit_taivas_assumption,Not available in current RTE/ERA5 extracts,Paris-scale TAIVAS profile,6924.25,6997,0,0,9.5,2.75,25,150.5,187.75,187.75,6738.25,0,97.313396,1.75,RTE eCO2mix Île-de-France regional observation,ERA5 Paris grid-point hourly observation,matched,usable_with_spatial_scope_warning,"RTE eCO2mix Île-de-France daily real-time exports, consolidated by TAIVAS workflow","ERA5 hourly time-series on single levels, Paris extract",Observed RTE MW values are regional validation references. They must not be treated as Paris-scale TAIVAS input capacities or direct absolute-MW calibration targets.
2026-06-29 23:00:00,France,Paris,48.8566,2.3522,2100000,20.734,3.487192,0,0,55.585301,,,,,,not_provided_use_explicit_taivas_assumption,Not available in current RTE/ERA5 extracts,Paris-scale TAIVAS profile,6651.25,6909,0,0,15.5,0,25,147.75,188.25,188.25,6465.25,0,97.199351,2.25,RTE eCO2mix Île-de-France regional observation,ERA5 Paris grid-point hourly observation,matched,usable_with_spatial_scope_warning,"RTE eCO2mix Île-de-France daily real-time exports, consolidated by TAIVAS workflow","ERA5 hourly time-series on single levels, Paris extract",Observed RTE MW values are regional validation references. They must not be treated as Paris-scale TAIVAS input capacities or direct absolute-MW calibration targets.
2026-06-30 00:00:00,France,Paris,48.8566,2.3522,2100000,19.49722,3.404753,0,0,60.699743,,,,,,not_provided_use_explicit_taivas_assumption,Not available in current RTE/ERA5 extracts,Paris-scale TAIVAS profile,6094.5,6356,0,0,32.25,0,25,146.5,203.75,203.75,5892.25,0,96.677469,1.5,RTE eCO2mix Île-de-France regional observation,ERA5 Paris grid-point hourly observation,matched,usable_with_spatial_scope_warning,"RTE eCO2mix Île-de-France daily real-time exports, consolidated by TAIVAS workflow","ERA5 hourly time-series on single levels, Paris extract",Observed RTE MW values are regional validation references. They must not be treated as Paris-scale TAIVAS input capacities or direct absolute-MW calibration targets.
2026-06-30 01:00:00,France,Paris,48.8566,2.3522,2100000,18.0767,3.441254,0,0,66.642246,,,,,,not_provided_use_explicit_taivas_assumption,Not available in current RTE/ERA5 extracts,Paris-scale TAIVAS profile,5518.75,5647,242,0,47,0,25,148.75,462.75,220.75,5056.25,0,91.584516,0.25,RTE eCO2mix Île-de-France regional observation,ERA5 Paris grid-point hourly observation,matched,usable_with_spatial_scope_warning,"RTE eCO2mix Île-de-France daily real-time exports, consolidated by TAIVAS workflow","ERA5 hourly time-series on single levels, Paris extract",Observed RTE MW values are regional validation references. They must not be treated as Paris-scale TAIVAS input capacities or direct absolute-MW calibration targets.
2026-06-30 02:00:00,France,Paris,48.8566,2.3522,2100000,16.9181,3.544632,0,0,70.806433,,,,,,not_provided_use_explicit_taivas_assumption,Not available in current RTE/ERA5 extracts,Paris-scale TAIVAS profile,5172.5,5274,321,0,42.25,0,25,148.25,536.5,215.5,4636,0,89.62416,0,RTE eCO2mix Île-de-France regional observation,ERA5 Paris grid-point hourly observation,matched,usable_with_spatial_scope_warning,"RTE eCO2mix Île-de-France daily real-time exports, consolidated by TAIVAS workflow","ERA5 hourly time-series on single levels, Paris extract",Observed RTE MW values are regional validation references. They must not be treated as Paris-scale TAIVAS input capacities or direct absolute-MW calibration targets.
2026-06-30 03:00:00,France,Paris,48.8566,2.3522,2100000,16.00402,3.124399,0,0,72.768377,,,,,,not_provided_use_explicit_taivas_assumption,Not available in current RTE/ERA5 extracts,Paris-scale TAIVAS profile,4954.5,4998,267,0,35.75,0,25,148,475.75,208.75,4478.75,0,90.400641,0,RTE eCO2mix Île-de-France regional observation,ERA5 Paris grid-point hourly observation,matched,usable_with_spatial_scope_warning,"RTE eCO2mix Île-de-France daily real-time exports, consolidated by TAIVAS workflow","ERA5 hourly time-series on single levels, Paris extract",Observed RTE MW values are regional validation references. They must not be treated as Paris-scale TAIVAS input capacities or direct absolute-MW calibration targets.
2026-06-30 04:00:00,France,Paris,48.8566,2.3522,2100000,15.2454,3.051976,0,0,75.326661,,,,,,not_provided_use_explicit_taivas_assumption,Not available in current RTE/ERA5 extracts,Paris-scale TAIVAS profile,4897.75,4926,209.25,0,31,0,25,148.25,413.5,204.25,4483.75,0,91.547373,-0.5,RTE eCO2mix Île-de-France regional observation,ERA5 Paris grid-point hourly observation,matched,usable_with_spatial_scope_warning,"RTE eCO2mix Île-de-France daily real-time exports, consolidated by TAIVAS workflow","ERA5 hourly time-series on single levels, Paris extract",Observed RTE MW values are regional validation references. They must not be treated as Paris-scale TAIVAS input capacities or direct absolute-MW calibration targets.
2026-06-30 05:00:00,France,Paris,48.8566,2.3522,2100000,14.87954,2.949676,0,0,76.548436,,,,,,not_provided_use_explicit_taivas_assumption,Not available in current RTE/ERA5 extracts,Paris-scale TAIVAS profile,5103.5,5207,288.5,0,31.25,0,25,148.25,493,204.5,4610,0,90.341755,-0.5,RTE eCO2mix Île-de-France regional observation,ERA5 Paris grid-point hourly observation,matched,usable_with_spatial_scope_warning,"RTE eCO2mix Île-de-France daily real-time exports, consolidated by TAIVAS workflow","ERA5 hourly time-series on single levels, Paris extract",Observed RTE MW values are regional validation references. They must not be treated as Paris-scale TAIVAS input capacities or direct absolute-MW calibration targets.
2026-06-30 06:00:00,France,Paris,48.8566,2.3522,2100000,14.49545,2.647048,0.035556,0,78.005237,,,,,,not_provided_use_explicit_taivas_assumption,Not available in current RTE/ERA5 extracts,Paris-scale TAIVAS profile,5524.75,5688,272.5,0,22,9,25,149,477.5,205,5047,0,91.311988,-0.25,RTE eCO2mix Île-de-France regional observation,ERA5 Paris grid-point hourly observation,matched,usable_with_spatial_scope_warning,"RTE eCO2mix Île-de-France daily real-time exports, consolidated by TAIVAS workflow","ERA5 hourly time-series on single levels, Paris extract",Observed RTE MW values are regional validation references. They must not be treated as Paris-scale TAIVAS input capacities or direct absolute-MW calibration targets.
2026-06-30 07:00:00,France,Paris,48.8566,2.3522,2100000,15.2261,2.690594,32.177778,0,76.506886,,,,,,not_provided_use_explicit_taivas_assumption,Not available in current RTE/ERA5 extracts,Paris-scale TAIVAS profile,6224,6452,304,0,11.5,33.75,25,150.25,524.5,220.5,5699.25,0,91.588701,-0.25,RTE eCO2mix Île-de-France regional observation,ERA5 Paris grid-point hourly observation,matched,usable_with_spatial_scope_warning,"RTE eCO2mix Île-de-France daily real-time exports, consolidated by TAIVAS workflow","ERA5 hourly time-series on single levels, Paris extract",Observed RTE MW values are regional validation references. They must not be treated as Paris-scale TAIVAS input capacities or direct absolute-MW calibration targets.
2026-06-30 08:00:00,France,Paris,48.8566,2.3522,2100000,16.82446,2.466198,129.688889,0,71.087744,,,,,,not_provided_use_explicit_taivas_assumption,Not available in current RTE/ERA5 extracts,Paris-scale TAIVAS profile,6797.5,7010,251.75,0,6.25,78,25,150.75,511.75,260,6285.5,0,92.432034,-0.25,RTE eCO2mix Île-de-France regional observation,ERA5 Paris grid-point hourly observation,matched,usable_with_spatial_scope_warning,"RTE eCO2mix Île-de-France daily real-time exports, consolidated by TAIVAS workflow","ERA5 hourly time-series on single levels, Paris extract",Observed RTE MW values are regional validation references. They must not be treated as Paris-scale TAIVAS input capacities or direct absolute-MW calibration targets.
2026-06-30 09:00:00,France,Paris,48.8566,2.3522,2100000,18.48983,2.247801,304.444444,0,65.966604,,,,,,not_provided_use_explicit_taivas_assumption,Not available in current RTE/ERA5 extracts,Paris-scale TAIVAS profile,7201.5,7378,0,0,5.5,128.25,25,161,319.75,319.75,6883.25,0,95.583458,1.5,RTE eCO2mix Île-de-France regional observation,ERA5 Paris grid-point hourly observation,matched,usable_with_spatial_scope_warning,"RTE eCO2mix Île-de-France daily real-time exports, consolidated by TAIVAS workflow","ERA5 hourly time-series on single levels, Paris extract",Observed RTE MW values are regional validation references. They must not be treated as Paris-scale TAIVAS input capacities or direct absolute-MW calibration targets.
2026-06-30 10:00:00,France,Paris,48.8566,2.3522,2100000,20.5712,2.17314,428.373333,0,60.903753,,,,,,not_provided_use_explicit_taivas_assumption,Not available in current RTE/ERA5 extracts,Paris-scale TAIVAS profile,7375.25,7458,0,0,5.5,179.5,25,155.5,365.5,365.5,7012.25,0,95.079068,2.5,RTE eCO2mix Île-de-France regional observation,ERA5 Paris grid-point hourly observation,matched,usable_with_spatial_scope_warning,"RTE eCO2mix Île-de-France daily real-time exports, consolidated by TAIVAS workflow","ERA5 hourly time-series on single levels, Paris extract",Observed RTE MW values are regional validation references. They must not be treated as Paris-scale TAIVAS input capacities or direct absolute-MW calibration targets.
2026-06-30 11:00:00,France,Paris,48.8566,2.3522,2100000,22.9745,2.210539,599.822222,0,53.420556,,,,,,not_provided_use_explicit_taivas_assumption,Not available in current RTE/ERA5 extracts,Paris-scale TAIVAS profile,7731,7811,0,0,6,231.75,25,155.5,418.25,418.25,7314.75,0,94.617011,2,RTE eCO2mix Île-de-France regional observation,ERA5 Paris grid-point hourly observation,matched,usable_with_spatial_scope_warning,"RTE eCO2mix Île-de-France daily real-time exports, consolidated by TAIVAS workflow","ERA5 hourly time-series on single levels, Paris extract",Observed RTE MW values are regional validation references. They must not be treated as Paris-scale TAIVAS input capacities or direct absolute-MW calibration targets.
2026-06-30 12:00:00,France,Paris,48.8566,2.3522,2100000,24.97012,2.011136,659.004444,0,47.353764,,,,,,not_provided_use_explicit_taivas_assumption,Not available in current RTE/ERA5 extracts,Paris-scale TAIVAS profile,7874.25,7930,0,0,5.75,248.5,25,154.25,433.5,433.5,7441.75,0,94.507456,1,RTE eCO2mix Île-de-France regional observation,ERA5 Paris grid-point hourly observation,matched,usable_with_spatial_scope_warning,"RTE eCO2mix Île-de-France daily real-time exports, consolidated by TAIVAS workflow","ERA5 hourly time-series on single levels, Paris extract",Observed RTE MW values are regional validation references. They must not be treated as Paris-scale TAIVAS input capacities or direct absolute-MW calibration targets.
2026-06-30 13:00:00,France,Paris,48.8566,2.3522,2100000,26.0242,1.632069,713.102222,0,44.611758,,,,,,not_provided_use_explicit_taivas_assumption,Not available in current RTE/ERA5 extracts,Paris-scale TAIVAS profile,7917.75,8047,0,0,8,261.5,25,155.25,449.75,449.75,7469.5,0,94.338215,1.5,RTE eCO2mix Île-de-France regional observation,ERA5 Paris grid-point hourly observation,matched,usable_with_spatial_scope_warning,"RTE eCO2mix Île-de-France daily real-time exports, consolidated by TAIVAS workflow","ERA5 hourly time-series on single levels, Paris extract",Observed RTE MW values are regional validation references. They must not be treated as Paris-scale TAIVAS input capacities or direct absolute-MW calibration targets.
2026-06-30 14:00:00,France,Paris,48.8566,2.3522,2100000,27.37448,1.199946,828.817778,0,41.992259,,,,,,not_provided_use_explicit_taivas_assumption,Not available in current RTE/ERA5 extracts,Paris-scale TAIVAS profile,7943,8027,0,0,5.75,277,25,154.5,462.25,462.25,7482.5,0,94.20266,1.75,RTE eCO2mix Île-de-France regional observation,ERA5 Paris grid-point hourly observation,matched,usable_with_spatial_scope_warning,"RTE eCO2mix Île-de-France daily real-time exports, consolidated by TAIVAS workflow","ERA5 hourly time-series on single levels, Paris extract",Observed RTE MW values are regional validation references. They must not be treated as Paris-scale TAIVAS input capacities or direct absolute-MW calibration targets.
2026-06-30 15:00:00,France,Paris,48.8566,2.3522,2100000,28.11794,0.593625,645.28,0,39.329875,,,,,,not_provided_use_explicit_taivas_assumption,Not available in current RTE/ERA5 extracts,Paris-scale TAIVAS profile,7859.75,7914,0,0,5,270,25,154.5,454.5,454.5,7406.25,0,94.230192,1,RTE eCO2mix Île-de-France regional observation,ERA5 Paris grid-point hourly observation,matched,usable_with_spatial_scope_warning,"RTE eCO2mix Île-de-France daily real-time exports, consolidated by TAIVAS workflow","ERA5 hourly time-series on single levels, Paris extract",Observed RTE MW values are regional validation references. They must not be treated as Paris-scale TAIVAS input capacities or direct absolute-MW calibration targets.
2026-06-30 16:00:00,France,Paris,48.8566,2.3522,2100000,28.3647,1.050594,653.866667,0,37.261725,,,,,,not_provided_use_explicit_taivas_assumption,Not available in current RTE/ERA5 extracts,Paris-scale TAIVAS profile,7772.5,7830,0,0,5.75,239.5,25,155.75,426,426,7348,0,94.538108,1.5,RTE eCO2mix Île-de-France regional observation,ERA5 Paris grid-point hourly observation,matched,usable_with_spatial_scope_warning,"RTE eCO2mix Île-de-France daily real-time exports, consolidated by TAIVAS workflow","ERA5 hourly time-series on single levels, Paris extract",Observed RTE MW values are regional validation references. They must not be treated as Paris-scale TAIVAS input capacities or direct absolute-MW calibration targets.
2026-06-30 17:00:00,France,Paris,48.8566,2.3522,2100000,27.89236,1.808334,628.586667,0,35.490846,,,,,,not_provided_use_explicit_taivas_assumption,Not available in current RTE/ERA5 extracts,Paris-scale TAIVAS profile,7744.25,7832,0,0,7.75,185.25,25,156.5,374.5,374.5,7371.5,0,95.18765,1.75,RTE eCO2mix Île-de-France regional observation,ERA5 Paris grid-point hourly observation,matched,usable_with_spatial_scope_warning,"RTE eCO2mix Île-de-France daily real-time exports, consolidated by TAIVAS workflow","ERA5 hourly time-series on single levels, Paris extract",Observed RTE MW values are regional validation references. They must not be treated as Paris-scale TAIVAS input capacities or direct absolute-MW calibration targets.
2026-06-30 18:00:00,France,Paris,48.8566,2.3522,2100000,26.5804,2.152321,530.595556,0,36.146417,,,,,,not_provided_use_explicit_taivas_assumption,Not available in current RTE/ERA5 extracts,Paris-scale TAIVAS profile,7659.5,7671,0,0,7,139.5,25,156.75,328.25,328.25,7332.75,0,95.733844,1.5,RTE eCO2mix Île-de-France regional observation,ERA5 Paris grid-point hourly observation,matched,usable_with_spatial_scope_warning,"RTE eCO2mix Île-de-France daily real-time exports, consolidated by TAIVAS workflow","ERA5 hourly time-series on single levels, Paris extract",Observed RTE MW values are regional validation references. They must not be treated as Paris-scale TAIVAS input capacities or direct absolute-MW calibration targets.
2026-06-30 19:00:00,France,Paris,48.8566,2.3522,2100000,26.21758,2.268358,293.582222,0,37.219253,,,,,,not_provided_use_explicit_taivas_assumption,Not available in current RTE/ERA5 extracts,Paris-scale TAIVAS profile,7650,7720,0,0,15,92.75,25,157,289.75,289.75,7361.75,0,96.232504,1.5,RTE eCO2mix Île-de-France regional observation,ERA5 Paris grid-point hourly observation,matched,usable_with_spatial_scope_warning,"RTE eCO2mix Île-de-France daily real-time exports, consolidated by TAIVAS workflow","ERA5 hourly time-series on single levels, Paris extract",Observed RTE MW values are regional validation references. They must not be treated as Paris-scale TAIVAS input capacities or direct absolute-MW calibration targets.
2026-06-30 20:00:00,France,Paris,48.8566,2.3522,2100000,25.11056,3.356129,192.586667,0,41.402765,,,,,,not_provided_use_explicit_taivas_assumption,Not available in current RTE/ERA5 extracts,Paris-scale TAIVAS profile,7328.75,7546,0,0,35.25,39.75,25,155.75,255.75,255.75,7074.25,0,96.528115,1.25,RTE eCO2mix Île-de-France regional observation,ERA5 Paris grid-point hourly observation,matched,usable_with_spatial_scope_warning,"RTE eCO2mix Île-de-France daily real-time exports, consolidated by TAIVAS workflow","ERA5 hourly time-series on single levels, Paris extract",Observed RTE MW values are regional validation references. They must not be treated as Paris-scale TAIVAS input capacities or direct absolute-MW calibration targets.
2026-06-30 21:00:00,France,Paris,48.8566,2.3522,2100000,23.7419,4.591175,109.724444,0,46.778065,,,,,,not_provided_use_explicit_taivas_assumption,Not available in current RTE/ERA5 extracts,Paris-scale TAIVAS profile,6851.5,6978,0,0,38.25,11.25,25,156.5,231,231,6621.75,0,96.646023,1.25,RTE eCO2mix Île-de-France regional observation,ERA5 Paris grid-point hourly observation,matched,usable_with_spatial_scope_warning,"RTE eCO2mix Île-de-France daily real-time exports, consolidated by TAIVAS workflow","ERA5 hourly time-series on single levels, Paris extract",Observed RTE MW values are regional validation references. They must not be treated as Paris-scale TAIVAS input capacities or direct absolute-MW calibration targets.
2026-06-30 22:00:00,France,Paris,48.8566,2.3522,2100000,22.40402,5.187619,22.684444,0.000477,52.752455,,,,,,not_provided_use_explicit_taivas_assumption,Not available in current RTE/ERA5 extracts,Paris-scale TAIVAS profile,6799,6903,0,0,39,2.5,25,157,223.5,223.5,6577.25,0,96.738044,1.75,RTE eCO2mix Île-de-France regional observation,ERA5 Paris grid-point hourly observation,matched,usable_with_spatial_scope_warning,"RTE eCO2mix Île-de-France daily real-time exports, consolidated by TAIVAS workflow","ERA5 hourly time-series on single levels, Paris extract",Observed RTE MW values are regional validation references. They must not be treated as Paris-scale TAIVAS input capacities or direct absolute-MW calibration targets.
2026-06-30 23:00:00,France,Paris,48.8566,2.3522,2100000,21.1094,4.994897,0,0.034332,57.671368,,,,,,not_provided_use_explicit_taivas_assumption,Not available in current RTE/ERA5 extracts,Paris-scale TAIVAS profile,6684,6960,0,0,45.5,0,23.5,156.5,225.5,225.5,6459.5,0,96.638007,1,RTE eCO2mix Île-de-France regional observation,ERA5 Paris grid-point hourly observation,matched,usable_with_spatial_scope_warning,"RTE eCO2mix Île-de-France daily real-time exports, consolidated by TAIVAS workflow","ERA5 hourly time-series on single levels, Paris extract",Observed RTE MW values are regional validation references. They must not be treated as Paris-scale TAIVAS input capacities or direct absolute-MW calibration targets.
